Name,Team,G,PA,AB,H,2B,3B,HR,R,RBI,BB,SO,HBP,SB,CS,AVG,OBP,SLG,OPS,wOBA,Fld,BsR,WAR,playerid
Mike Trout,Angels,57,250,204,61,12,2,14,42,39,40,55,4,10,2,0.3,0.42,0.588,1.007,0.416,-0.7,0.9,3,10155
Bryce Harper,Nationals,65,279,229,67,13,1,14,45,44,47,56,1,5,3,0.295,0.416,0.548,0.964,0.401,0.9,-0.6,2.3,11579
Joey Votto,Reds,65,281,228,68,14,1,13,41,39,49,47,2,3,1,0.298,0.423,0.536,0.959,0.401,1.5,-0.3,2.2,4314
Paul Goldschmidt,Diamondbacks,66,287,239,71,15,1,13,45,45,44,61,3,9,3,0.297,0.412,0.536,0.948,0.395,2,1,2.2,9218
Freddie Freeman,Braves,59,256,217,64,14,1,13,41,36,34,57,4,2,1,0.294,0.396,0.545,0.941,0.392,0.7,-0.1,1.9,5361
Anthony Rizzo,Cubs,70,306,258,71,16,1,15,43,48,38,47,9,4,2,0.274,0.383,0.522,0.905,0.38,2.4,-0.3,2,3473
Kris Bryant,Cubs,69,302,256,70,14,2,15,47,44,39,76,6,5,2,0.272,0.378,0.514,0.893,0.377,0.8,-0.1,2.4,15429
Josh Donaldson,Blue Jays,58,257,220,60,12,1,13,36,40,34,52,2,2,1,0.273,0.375,0.517,0.891,0.377,1.9,0.2,2.2,5038
Nolan Arenado,Rockies,66,283,258,76,18,3,15,38,49,20,44,2,1,1,0.295,0.347,0.563,0.91,0.376,4.4,-0.2,1.9,9777
Justin Turner,Dodgers,54,206,181,55,12,1,7,26,28,18,31,5,2,0,0.306,0.383,0.496,0.878,0.375,2,0.1,1.8,5235
Giancarlo Stanton,Marlins,60,247,215,56,11,1,16,36,41,29,68,2,2,1,0.263,0.355,0.549,0.904,0.374,1,-0.4,1.6,4949
Aaron Judge,Yankees,61,263,229,60,10,1,17,42,44,30,86,3,3,1,0.26,0.351,0.541,0.892,0.373,1.7,0,1.9,15640
Charlie Blackmon,Rockies,65,286,259,79,13,4,12,41,34,18,49,5,9,4,0.305,0.358,0.528,0.887,0.372,-1.9,0.1,1.3,7859
Carlos Correa,Astros,68,300,264,77,16,1,13,41,52,32,58,2,6,1,0.292,0.371,0.513,0.883,0.372,-0.6,0.4,2.7,14162
Jose Altuve,Astros,69,308,279,91,18,2,8,44,37,23,31,3,16,4,0.328,0.382,0.496,0.878,0.372,-0.9,1.3,2.6,5417
J.D. Martinez,Tigers,59,245,220,63,13,1,13,33,36,22,62,2,2,1,0.286,0.352,0.54,0.892,0.371,-3.6,-0.3,1.2,6184
George Springer,Astros,61,275,239,65,12,1,14,46,38,30,70,4,4,3,0.27,0.36,0.51,0.87,0.368,0.6,-0.7,2,12856
Andrew McCutchen,Pirates,66,287,248,70,14,2,12,39,39,35,54,3,5,2,0.283,0.375,0.492,0.867,0.367,0.5,-0.2,2,9847
Edwin Encarnacion,Indians,64,276,236,62,11,1,15,38,45,35,53,3,1,0,0.263,0.363,0.502,0.865,0.365,-0.2,-0.4,1.2,2151
Miguel Cabrera,Tigers,62,266,233,68,13,0,11,31,40,30,49,1,0,0,0.29,0.372,0.496,0.868,0.364,0.6,-0.4,1.4,1744
Mookie Betts,Red Sox,69,317,287,85,20,2,11,46,42,27,35,1,12,2,0.297,0.359,0.5,0.858,0.363,8.3,1.6,2.6,13611
Daniel Murphy,Nationals,64,271,251,79,19,2,8,38,42,17,28,2,3,1,0.315,0.361,0.507,0.868,0.362,-3.7,-0.1,1.3,4316
Nelson Cruz,Mariners,62,261,232,64,11,0,15,33,45,24,61,3,1,1,0.274,0.345,0.519,0.864,0.361,-1.5,-0.5,1,2434
Buster Posey,Giants,56,231,205,62,12,1,7,28,30,22,24,3,1,0,0.304,0.377,0.469,0.845,0.36,1.3,-0.1,1.8,9166
Anthony Rendon,Nationals,64,268,235,66,16,1,9,37,35,29,45,3,4,2,0.281,0.364,0.476,0.84,0.358,3.7,0,2,12861
Eric Thames,Brewers,54,229,199,49,11,1,13,35,34,25,64,3,4,1,0.246,0.339,0.513,0.852,0.356,-2.1,0.1,0.6,3711
Jose Bautista,Blue Jays,59,254,212,52,10,0,12,36,37,37,52,2,2,1,0.246,0.362,0.467,0.829,0.355,-1.5,-0.5,1,1887
Jose Abreu,White Sox,70,303,276,80,16,1,13,38,46,20,56,6,0,1,0.29,0.348,0.498,0.845,0.355,-1.3,-0.4,1.1,15676
Lucas Duda,Mets,48,187,160,39,10,0,10,23,28,23,47,3,0,0,0.242,0.348,0.492,0.84,0.353,0.5,-0.5,0.8,2502
Steve Pearce,Blue Jays,37,130,116,31,6,0,6,15,18,11,27,2,0,1,0.271,0.344,0.49,0.834,0.353,-1,-0.3,0.5,9957
Mark Reynolds,Rockies,56,205,180,47,8,1,10,25,30,23,56,1,1,1,0.261,0.348,0.482,0.83,0.353,0,-0.5,0.2,7619
Brandon Belt,Giants,60,251,215,56,14,2,9,32,29,33,60,1,2,1,0.259,0.36,0.464,0.824,0.352,2.4,-0.4,1.2,10264
Matt Carpenter,Cardinals,64,278,232,59,15,2,9,40,31,40,54,3,1,2,0.256,0.37,0.45,0.82,0.352,0.8,-0.7,1.1,8090
Michael Conforto,Mets,66,253,221,58,13,1,12,37,38,26,58,4,1,1,0.26,0.347,0.488,0.835,0.352,0.8,-0.4,1.3,16376
David Peralta,Diamondbacks,54,202,184,54,11,3,6,26,22,14,37,2,3,1,0.295,0.351,0.477,0.827,0.351,0.1,0.3,0.7,2136
Jose Ramirez,Indians,70,289,262,78,19,3,7,40,32,22,32,1,10,4,0.299,0.353,0.474,0.827,0.351,2,0.1,1.9,13510
Hanley Ramirez,Red Sox,58,241,213,59,11,0,10,29,36,24,45,3,3,2,0.276,0.357,0.467,0.824,0.351,-1.2,-0.5,0.5,8001
Miguel Sano,Twins,58,246,215,53,10,1,13,33,38,29,86,1,1,0,0.248,0.34,0.492,0.832,0.35,-2.4,-0.2,1,12164
Ryan Braun,Brewers,49,204,185,51,10,1,9,29,32,17,38,1,5,2,0.278,0.342,0.491,0.833,0.35,-1.3,0.4,0.6,3410
Corey Seager,Dodgers,67,289,262,75,18,2,10,41,41,24,53,2,2,1,0.284,0.346,0.478,0.825,0.349,1.4,0.1,2,13624
Domingo Santana,Brewers,55,221,191,50,10,1,9,30,29,26,67,2,3,2,0.26,0.351,0.463,0.814,0.348,-1.2,-0.2,0.6,10348
Manny Machado,Orioles,67,295,267,73,15,0,15,38,39,25,53,1,3,2,0.273,0.334,0.493,0.827,0.348,4.7,0,2.1,11493
Chris Davis,Orioles,60,251,218,51,9,0,16,36,38,29,87,2,1,1,0.236,0.331,0.497,0.828,0.347,1.7,-0.2,1,9272
Justin Upton,Tigers,68,278,247,64,14,1,13,39,43,28,73,2,5,2,0.26,0.339,0.48,0.819,0.347,1.3,0,1.3,5222
Gary Sanchez,Yankees,52,225,204,53,10,0,12,31,38,18,53,3,2,1,0.261,0.326,0.494,0.82,0.346,-0.3,-0.2,1.4,11442
Adrian Beltre,Rangers,51,217,197,56,11,1,9,27,33,17,23,2,1,0,0.283,0.343,0.476,0.819,0.345,2.7,-0.2,1.2,639
Jake Lamb,Diamondbacks,61,249,219,56,12,3,11,32,36,28,67,1,2,1,0.256,0.341,0.481,0.822,0.345,-1.1,-0.1,1,13329
Justin Bour,Marlins,58,214,191,52,9,0,10,23,34,21,42,1,1,0,0.272,0.345,0.476,0.821,0.344,-0.1,-0.2,0.6,9744
Marcell Ozuna,Marlins,69,287,263,74,13,1,12,37,41,21,64,1,1,1,0.281,0.335,0.477,0.812,0.343,0.1,-0.6,1,10324
Matt Holliday,Yankees,45,177,154,38,8,0,8,20,29,19,40,3,1,0,0.249,0.339,0.467,0.806,0.343,-0.2,-0.1,0.4,1873
Yoenis Cespedes,Mets,58,239,220,59,12,1,12,33,36,16,48,2,2,1,0.268,0.322,0.5,0.822,0.343,2.6,-0.6,1.1,13110
Justin Smoak,Blue Jays,62,204,181,46,8,0,11,26,30,21,49,1,0,1,0.254,0.331,0.476,0.808,0.342,-0.3,-0.4,0.5,9054
Carlos Santana,Indians,67,290,246,60,15,1,11,35,39,42,49,1,3,1,0.244,0.356,0.44,0.796,0.342,-0.3,0.2,0.9,2396
Michael Brantley,Indians,47,197,178,52,12,1,4,23,30,17,22,1,6,1,0.295,0.358,0.44,0.799,0.342,-1.3,0.9,0.7,4106
Alex Avila,Tigers,43,154,129,32,6,0,5,16,15,24,48,1,0,1,0.245,0.365,0.416,0.781,0.342,-0.9,-0.4,0.7,7476
Shin-Soo Choo,Rangers,49,216,183,46,7,1,7,29,23,27,48,4,3,2,0.255,0.362,0.421,0.784,0.342,-1.6,-0.2,0.4,3174
Robinson Cano,Mariners,64,280,256,73,13,1,12,37,42,21,38,2,1,1,0.284,0.34,0.474,0.814,0.341,-0.4,-0.6,1.5,3269
Yasiel Puig,Dodgers,62,243,217,58,10,2,10,31,34,21,49,2,4,2,0.269,0.338,0.467,0.805,0.341,2.6,-0.7,1.1,14225
Adam Eaton,Nationals,53,240,212,61,11,4,3,35,22,21,37,4,6,3,0.287,0.361,0.425,0.787,0.341,-2.1,0.3,0.8,11205
Josh Reddick,Astros,57,220,199,56,11,2,7,32,29,18,32,0,4,1,0.282,0.339,0.466,0.804,0.341,1.4,0.3,1.1,3892
A.J. Pollock,Diamondbacks,46,184,169,48,11,2,4,26,16,13,28,1,9,2,0.287,0.339,0.458,0.797,0.34,1.8,0.9,1,9256
Eric Hosmer,Royals,71,300,273,79,15,1,9,38,40,24,52,1,3,1,0.289,0.346,0.45,0.796,0.339,-0.5,-0.5,0.7,3516
Joc Pederson,Dodgers,58,216,182,42,9,0,10,29,27,29,61,3,3,2,0.232,0.346,0.444,0.79,0.339,-0.9,-0.5,1,11899
Francisco Lindor,Indians,72,313,282,80,16,2,9,40,36,24,42,1,7,2,0.284,0.342,0.454,0.796,0.339,3.2,0.5,2.1,12916
Cody Bellinger,Dodgers,55,227,203,49,10,1,14,33,37,22,68,1,3,1,0.24,0.314,0.499,0.813,0.339,1,0.2,0.9,15998
Adam Duvall,Reds,64,260,240,61,15,2,14,35,42,16,67,2,2,1,0.256,0.306,0.506,0.812,0.339,0.9,0.1,0.8,10950
Kyle Schwarber,Cubs,53,214,185,41,7,1,12,33,32,26,64,2,1,1,0.224,0.325,0.473,0.799,0.338,-1.4,-0.2,0.5,16478
Tommy Pham,Cardinals,48,168,149,39,6,2,6,24,20,17,44,2,6,2,0.264,0.342,0.448,0.79,0.338,0,0.5,0.7,2967
Jackie Bradley Jr.,Red Sox,62,247,219,57,13,2,8,30,32,23,57,3,3,1,0.262,0.34,0.455,0.795,0.338,1.7,0.3,1.3,12984
Christian Yelich,Marlins,69,299,263,74,15,1,7,40,33,31,62,2,7,2,0.28,0.359,0.425,0.783,0.338,1.6,0.7,1.6,11477
Brian Dozier,Twins,67,300,266,67,15,2,13,40,37,29,60,3,7,2,0.252,0.33,0.469,0.799,0.338,-0.9,0.2,1.4,9810
Corey Dickerson,Rays,58,228,211,58,14,2,10,29,27,14,55,1,1,2,0.272,0.319,0.491,0.81,0.338,0.7,-0.3,0.8,10762
Wil Myers,Padres,67,286,254,65,13,1,12,40,38,29,75,1,9,3,0.258,0.334,0.459,0.794,0.338,0.7,0.6,0.9,10047
Travis Shaw,Brewers,60,240,217,57,13,1,10,29,34,20,54,2,3,1,0.261,0.326,0.474,0.8,0.337,1,0.1,1,11982
Yasmani Grandal,Dodgers,52,190,166,40,9,0,8,21,27,22,49,1,0,0,0.243,0.334,0.453,0.787,0.337,1,-0.3,1.3,11368
Andrew Benintendi,Red Sox,59,251,223,62,13,2,7,30,33,23,37,2,6,3,0.278,0.347,0.446,0.792,0.337,1.7,-0.2,1,17901
Dexter Fowler,Cardinals,57,246,211,54,10,3,7,34,22,30,52,2,5,2,0.255,0.352,0.427,0.778,0.337,-2.8,0.1,0.8,4062
Ryan Zimmerman,Nationals,51,209,191,52,12,0,9,28,33,15,43,1,1,0,0.271,0.325,0.471,0.796,0.336,-1.5,0,0.3,4220
Marwin Gonzalez,Astros,57,198,181,50,10,1,7,25,26,12,41,2,3,2,0.278,0.329,0.461,0.79,0.336,0.1,-0.5,0.8,5497
Xander Bogaerts,Red Sox,68,298,272,79,16,2,7,39,35,21,54,3,5,1,0.292,0.347,0.436,0.783,0.336,-0.6,0.8,1.5,12161
Steven Souza Jr.,Rays,55,220,194,49,9,1,9,29,28,22,68,2,4,2,0.252,0.335,0.447,0.782,0.336,0.5,-0.1,0.9,5667
Khris Davis,Athletics,64,253,226,55,11,1,14,35,39,22,70,3,2,1,0.242,0.315,0.481,0.796,0.336,-3,0,0.6,9112
Evan Gattis,Astros,54,210,192,50,10,1,11,26,35,14,43,3,0,0,0.26,0.314,0.489,0.803,0.335,-2.7,-0.4,0.8,11003
Carlos Gonzalez,Rockies,58,234,211,56,12,1,10,29,30,20,53,1,2,1,0.265,0.328,0.47,0.798,0.335,-0.2,0,0.1,7287
Trevor Story,Rockies,53,223,201,50,11,2,10,27,31,19,70,2,5,1,0.249,0.318,0.478,0.796,0.335,-0.9,0.5,0.5,12564
Jedd Gyorko,Cardinals,60,226,204,54,9,1,10,26,34,18,49,1,1,0,0.263,0.324,0.468,0.792,0.335,1,-0.1,1,10816
Josh Bell,Pirates,67,272,240,63,12,3,9,34,34,29,43,1,2,2,0.262,0.343,0.443,0.786,0.335,-0.8,-0.7,0.5,13145
Jonathan Schoop,Orioles,65,255,238,65,14,0,11,32,34,10,56,4,0,0,0.275,0.313,0.48,0.793,0.334,-0.7,-0.4,1,11265
Neil Walker,Mets,57,235,210,55,10,1,9,30,30,20,40,3,1,1,0.265,0.335,0.449,0.784,0.334,-0.2,0,1.1,7539
Logan Morrison,Rays,56,214,187,46,9,1,9,26,28,23,42,2,2,1,0.247,0.334,0.455,0.789,0.334,-0.3,0.1,0.6,9205
DJ LeMahieu,Rockies,66,273,246,74,11,2,4,33,27,22,40,1,6,3,0.302,0.361,0.407,0.768,0.333,1.6,-0.2,0.6,9874
Yonder Alonso,Athletics,57,206,184,49,11,0,7,26,25,20,34,1,1,1,0.265,0.34,0.442,0.781,0.333,0,0,0.6,2530
Trey Mancini,Orioles,64,264,244,67,12,2,10,31,36,17,67,1,1,1,0.275,0.324,0.461,0.785,0.333,0.4,-0.2,0.7,15149
Dustin Pedroia,Red Sox,57,258,231,68,12,0,4,28,27,24,27,1,3,2,0.296,0.361,0.405,0.766,0.333,3.2,-0.7,1.3,8370
Jesus Aguilar,Brewers,61,216,196,51,10,0,10,26,31,16,53,2,0,0,0.258,0.32,0.467,0.787,0.332,1,-0.1,0.6,11342
Chris Carter,Yankees,62,230,201,44,8,1,14,29,38,25,80,2,1,0,0.218,0.311,0.478,0.789,0.332,-1.6,-0.1,0.4,9911
Ian Desmond,Rockies,59,248,229,64,10,1,9,33,36,15,59,2,9,3,0.281,0.33,0.449,0.78,0.332,1.8,0.7,0.3,6885
Mike Moustakas,Royals,50,204,188,49,10,0,10,23,26,12,31,2,0,0,0.262,0.311,0.48,0.791,0.332,0.2,-0.3,0.8,4892
Jesse Winker,Reds,40,167,147,40,8,0,4,20,18,18,30,1,1,0,0.273,0.355,0.414,0.769,0.332,1,-0.1,0.5,13590
Kendrys Morales,Blue Jays,64,260,237,62,12,0,12,30,42,19,55,2,0,0,0.261,0.32,0.464,0.784,0.332,-0.1,-0.6,0.3,8610
Seth Smith,Orioles,54,188,166,42,9,1,7,25,22,19,40,2,0,0,0.254,0.338,0.436,0.774,0.332,0.6,-0.2,0.6,7331
Hyun Soo Kim,Orioles,47,166,147,41,6,0,4,17,13,16,27,2,1,1,0.282,0.357,0.405,0.762,0.331,-2.1,-0.3,0.3,18718
Scott Schebler,Reds,66,260,235,59,10,3,12,33,36,17,62,6,4,1,0.251,0.317,0.472,0.789,0.331,0.1,0,0.6,12225
Yulieski Gurriel,Astros,57,239,217,58,16,0,9,31,34,15,44,4,1,1,0.268,0.324,0.467,0.791,0.331,-0.3,-0.2,0.6,19198
Lonnie Chisenhall,Indians,61,213,193,53,12,1,6,24,33,15,41,2,2,0,0.275,0.33,0.452,0.781,0.331,0.2,0.3,0.8,7571
Stephen Piscotty,Cardinals,64,265,235,62,15,1,7,32,33,24,50,4,3,3,0.265,0.34,0.427,0.767,0.331,1.6,-0.9,0.8,13367
Ben Zobrist,Cubs,55,233,202,52,11,1,6,30,25,28,31,1,2,1,0.255,0.347,0.42,0.767,0.331,-0.1,-0.4,0.7,7435
Mark Trumbo,Orioles,65,269,247,63,11,1,14,37,42,21,64,0,1,0,0.254,0.311,0.472,0.783,0.331,-2.6,-0.2,0.2,6876
Evan Longoria,Rays,68,292,266,70,16,1,12,35,40,21,60,2,1,1,0.265,0.319,0.472,0.791,0.331,0.5,-0.2,1.4,9368
Scooter Gennett,Reds,63,227,211,59,12,1,8,29,29,13,45,1,2,1,0.279,0.323,0.458,0.781,0.33,-1.4,-0.4,0.5,10339
Tommy Joseph,Phillies,48,176,162,42,8,0,9,22,25,11,39,2,0,0,0.256,0.308,0.474,0.782,0.33,-1.6,-0.3,0.1,10349
Devon Travis,Blue Jays,48,198,184,51,14,1,6,24,25,11,37,1,3,1,0.279,0.321,0.457,0.778,0.33,0.4,0.1,0.9,13862
Willson Contreras,Cubs,57,220,197,52,11,1,7,25,29,18,50,3,2,2,0.263,0.332,0.438,0.77,0.33,0.5,-0.5,1.1,11609
Russell Martin,Blue Jays,51,206,174,41,7,0,8,25,28,26,50,5,1,1,0.233,0.347,0.407,0.754,0.33,0.5,-0.5,1.1,4616
Curtis Granderson,Mets,62,253,219,52,12,2,10,35,28,30,55,2,3,1,0.236,0.331,0.444,0.775,0.33,-2.2,-0.1,0.7,4747
Matt Adams,Braves,55,176,162,43,10,1,8,20,27,11,43,1,0,0,0.266,0.314,0.475,0.789,0.33,1.2,-0.2,0.4,9393
Kyle Seager,Mariners,68,287,256,67,14,1,10,33,39,25,47,3,2,1,0.26,0.331,0.446,0.778,0.329,1.8,-0.3,1.5,9785
Logan Forsythe,Dodgers,51,204,180,47,9,1,6,26,21,19,42,3,2,1,0.261,0.341,0.418,0.759,0.329,0.9,-0.5,0.9,7185
Adam Lind,Nationals,53,170,153,41,8,0,6,20,26,16,29,0,0,0,0.27,0.337,0.439,0.776,0.329,-1.1,-0.1,0.3,8027
Matt Kemp,Braves,65,271,251,68,16,1,10,33,39,18,63,1,2,1,0.271,0.32,0.459,0.779,0.328,-5.2,-0.5,0,5631
Alex Bregman,Astros,59,253,228,60,14,2,8,34,31,21,38,2,4,2,0.263,0.33,0.439,0.769,0.328,-0.2,-0.2,1.1,17678
Jay Bruce,Mets,67,281,255,64,14,1,13,36,44,24,63,1,2,1,0.25,0.315,0.466,0.781,0.328,-1.5,-0.4,0.5,9892
Trea Turner,Nationals,61,265,245,69,12,4,6,37,29,17,55,1,19,4,0.281,0.329,0.439,0.768,0.328,2.5,2.3,1.5,16252
Starling Marte,Pirates,48,198,181,50,10,2,5,26,20,9,44,6,12,4,0.279,0.332,0.433,0.765,0.327,1.3,0.8,1,9241
John Jaso,Pirates,48,149,132,34,9,1,4,15,16,15,29,2,1,1,0.256,0.339,0.415,0.754,0.327,-1.5,-0.3,0.2,5887
Zack Cozart,Reds,51,210,190,51,11,2,6,27,23,16,34,1,2,0,0.268,0.327,0.44,0.767,0.327,2.9,-0.1,1.1,2616
Devin Mesoraco,Reds,25,85,75,18,4,0,4,10,9,8,19,2,1,0,0.237,0.323,0.441,0.764,0.327,-1.1,0,0.3,5666
Joey Gallo,Rangers,59,228,198,41,8,1,14,31,32,27,90,2,2,0,0.204,0.305,0.47,0.775,0.326,-0.8,0.7,0.7,14128
Brandon Guyer,Indians,42,134,117,31,7,1,3,16,13,7,24,8,2,1,0.261,0.345,0.396,0.742,0.326,0.7,-0.1,0.4,2636
Max Kepler,Twins,64,257,230,59,13,3,7,31,33,24,48,2,4,1,0.255,0.329,0.435,0.763,0.326,2.6,-0.1,0.9,12144
Matt Joyce,Athletics,59,188,158,37,9,0,6,23,22,27,42,1,1,1,0.231,0.345,0.404,0.749,0.326,-1.7,-0.3,0.3,3353
Nomar Mazara,Rangers,68,271,246,65,9,2,10,29,36,20,53,3,0,1,0.265,0.327,0.436,0.763,0.325,0.8,-0.4,0.6,14553
Todd Frazier,White Sox,68,285,251,59,12,0,14,37,39,28,64,3,6,3,0.234,0.316,0.447,0.763,0.325,0.4,-0.4,1,785
Chad Huffman,Cardinals,27,96,85,21,5,1,3,12,8,8,21,2,1,1,0.249,0.325,0.431,0.756,0.325,-0.3,0,0.2,5311
Brett Gardner,Yankees,65,284,247,63,11,2,7,40,27,31,55,2,8,2,0.255,0.34,0.406,0.746,0.325,2.3,0.8,1,9927
Ryan Schimpf,Padres,51,196,170,36,8,1,11,26,26,21,60,3,0,1,0.21,0.307,0.463,0.77,0.325,-4,-0.2,0.3,9953
Yangervis Solarte,Padres,58,235,211,57,11,1,7,26,30,18,28,3,1,0,0.269,0.333,0.423,0.756,0.325,-0.8,-0.2,0.7,5352
Yasmany Tomas,Diamondbacks,53,208,195,52,11,1,9,23,30,11,50,1,1,1,0.264,0.304,0.469,0.772,0.324,-3.4,0.1,-0.1,17171
Raimel Tapia,Rockies,54,215,203,60,9,3,4,25,20,9,33,1,8,5,0.298,0.329,0.433,0.762,0.324,1.5,-0.2,0.1,14350
Jason Kipnis,Indians,63,273,244,64,16,1,7,33,28,24,52,2,7,2,0.262,0.329,0.426,0.756,0.324,-0.4,0.5,1,9776
Mike Napoli,Rangers,56,225,196,44,7,0,12,26,31,26,67,2,1,1,0.222,0.317,0.443,0.76,0.324,0.4,-0.4,0.2,3057
Avisail Garcia,White Sox,58,233,215,59,10,1,7,30,31,13,55,3,3,2,0.276,0.326,0.429,0.755,0.323,-1.5,-0.1,0.4,5760
Josh Harrison,Pirates,62,249,228,64,13,2,5,28,23,11,37,7,7,3,0.283,0.332,0.416,0.749,0.323,0.7,0.1,0.9,8202
Lorenzo Cain,Royals,61,250,228,64,12,1,6,32,26,18,46,2,10,2,0.279,0.336,0.415,0.751,0.323,4,1.1,1.4,9077
Carlos Gomez,Rangers,55,226,203,52,11,1,8,29,29,16,61,4,8,4,0.253,0.32,0.433,0.753,0.323,1.2,0.2,0.9,4881
Eugenio Suarez,Reds,70,278,247,62,12,1,9,35,33,25,68,4,4,2,0.252,0.327,0.419,0.747,0.323,0.9,-0.5,0.8,12552
Ryon Healy,Athletics,66,275,259,69,16,1,11,32,36,13,63,2,0,1,0.267,0.304,0.461,0.764,0.322,-4.2,-0.6,0.2,15447
Gerardo Parra,Rockies,52,193,181,53,11,1,4,25,22,8,32,1,3,2,0.291,0.324,0.435,0.76,0.322,1.5,-0.5,0,8553
Jabari Blash,Padres,36,131,112,24,5,0,6,18,15,16,45,3,1,1,0.214,0.322,0.424,0.746,0.322,-0.4,-0.4,0.2,11247
Derek Dietrich,Marlins,58,198,173,43,9,2,5,24,20,12,43,11,0,0,0.247,0.333,0.41,0.743,0.322,-2,-0.1,0.4,10542
Tyler Flowers,Braves,48,171,152,40,7,0,5,17,20,12,46,5,0,0,0.262,0.337,0.401,0.738,0.322,-2.1,-0.3,0.5,9134
Danny Valencia,Mariners,53,205,188,50,9,1,6,25,26,15,46,1,1,1,0.269,0.323,0.428,0.751,0.322,-2.2,-0.6,0.1,6364
J.T. Realmuto,Marlins,61,242,225,64,12,2,5,28,25,14,42,2,5,2,0.283,0.328,0.423,0.752,0.322,-0.3,0,1.1,11739
Aaron Altherr,Phillies,55,223,200,49,12,2,8,28,29,17,62,4,5,2,0.247,0.318,0.437,0.755,0.321,0.6,-0.1,0.5,11270
Rougned Odor,Rangers,71,293,275,71,13,3,13,39,39,11,58,4,6,3,0.257,0.295,0.47,0.765,0.321,-2.7,0.1,0.7,12282
Nick Castellanos,Tigers,66,265,243,63,14,3,8,27,34,18,65,2,1,1,0.26,0.315,0.44,0.755,0.321,-4.4,-0.5,0.5,11737
Ian Kinsler,Tigers,63,281,257,68,12,2,8,41,30,19,37,4,5,3,0.266,0.325,0.419,0.744,0.321,4.2,-0.2,1.4,6195
Aaron Hicks,Yankees,56,204,179,44,9,1,6,25,23,23,41,1,4,3,0.248,0.332,0.408,0.74,0.32,0.6,-0.3,0.7,5297
Starlin Castro,Yankees,69,284,267,76,13,1,9,34,37,12,52,2,2,1,0.283,0.317,0.437,0.754,0.32,-1.8,-0.2,0.8,4579
Robbie Grossman,Twins,59,236,204,51,10,0,5,29,22,30,53,1,3,2,0.25,0.347,0.379,0.727,0.32,-2.3,-0.5,0.1,5254
Francisco Cervelli,Pirates,42,161,139,36,7,1,2,17,16,18,30,3,1,1,0.261,0.357,0.362,0.72,0.32,-0.8,-0.4,0.6,5275
Hunter Pence,Giants,49,207,189,50,8,1,6,26,27,15,41,1,2,1,0.267,0.323,0.424,0.747,0.32,0.2,0,0.5,8252
Jonathan Lucroy,Rangers,56,226,205,55,12,1,5,24,26,18,32,1,1,0,0.27,0.33,0.415,0.745,0.32,1.2,-0.2,1,7870
Elvis Andrus,Rangers,70,292,267,75,15,2,5,36,32,20,41,1,13,5,0.283,0.334,0.406,0.74,0.32,-2.4,0.6,0.9,8709
Joe Mauer,Twins,57,243,214,58,11,1,4,28,24,28,41,1,1,0,0.27,0.353,0.386,0.738,0.32,1.7,-0.1,0.5,1857
Adrian Gonzalez,Dodgers,55,220,199,53,11,0,7,23,34,18,39,1,0,1,0.267,0.329,0.425,0.754,0.32,0.9,-0.6,0.3,1908
David Freese,Pirates,56,210,183,46,9,0,5,24,23,21,48,5,0,0,0.254,0.343,0.387,0.731,0.32,-0.4,-0.6,0.5,9549
Kole Calhoun,Angels,63,271,243,62,11,1,9,34,31,24,54,2,2,1,0.256,0.325,0.418,0.743,0.319,1.9,-0.2,0.9,11200
Carlos Beltran,Astros,59,238,220,57,14,0,9,28,32,15,44,1,0,0,0.259,0.309,0.448,0.756,0.319,-0.1,-0.3,0.2,589
Brian McCann,Astros,52,205,182,44,6,0,9,24,32,18,37,3,0,0,0.244,0.322,0.423,0.745,0.319,-1.1,-0.2,1,4810
Stephen Vogt,Brewers,52,187,170,43,8,1,7,20,24,15,33,1,0,1,0.251,0.313,0.442,0.754,0.319,-2.9,-0.4,0.4,5000
Sam Travis,Red Sox,32,127,115,31,7,1,3,14,13,10,27,1,3,2,0.266,0.326,0.414,0.74,0.319,0.5,-0.2,0.2,16263
Mitch Haniger,Mariners,51,207,185,45,9,1,7,26,24,18,53,4,3,1,0.244,0.32,0.421,0.741,0.319,-0.5,-0.2,0.5,14274
Brad Miller,Rays,55,209,185,45,8,2,7,26,25,22,49,1,3,1,0.241,0.322,0.422,0.744,0.319,-0.3,-0.3,0.8,12775
Rob Segedin,Dodgers,34,127,116,29,6,1,5,16,17,9,30,2,1,1,0.247,0.31,0.438,0.747,0.319,-0.9,0,0.3,11446
Chris Iannetta,Diamondbacks,38,134,116,26,7,0,5,13,16,16,35,2,0,0,0.226,0.325,0.409,0.735,0.319,-1.9,0,0.3,8267
Franklin Gutierrez,Dodgers,34,102,92,23,5,0,4,13,15,8,28,1,1,1,0.244,0.31,0.434,0.744,0.318,-1.6,-0.1,0.1,3255
Kennys Vargas,Twins,55,218,195,47,9,0,9,27,29,20,61,1,0,0,0.24,0.314,0.432,0.746,0.318,-0.4,-0.2,0.1,12101
Asdrubal Cabrera,Mets,62,249,226,58,12,1,8,31,28,19,43,3,3,1,0.258,0.321,0.422,0.743,0.318,-4.2,-0.7,0.4,4962
Troy Tulowitzki,Blue Jays,50,205,186,47,9,0,8,21,27,16,39,2,0,0,0.254,0.319,0.426,0.745,0.318,0.7,0,0.9,3531
Melky Cabrera,White Sox,66,287,264,75,14,1,6,34,35,19,34,1,1,0,0.282,0.329,0.411,0.739,0.318,-2.6,-0.2,0.3,4022
Salvador Perez,Royals,66,260,246,66,13,1,11,27,36,9,47,3,0,0,0.267,0.299,0.458,0.757,0.318,1.7,-0.4,1.2,7304
Luke Voit,Cardinals,46,184,166,43,7,1,5,21,22,16,41,2,0,0,0.258,0.327,0.408,0.735,0.318,0.1,-0.1,0.2,14811
Jean Segura,Mariners,62,268,250,72,12,2,5,33,24,12,42,3,11,4,0.288,0.327,0.414,0.741,0.318,-1.3,0,1.1,5933
Mitch Moreland,Red Sox,57,213,191,47,11,0,8,22,29,18,50,3,0,0,0.248,0.32,0.425,0.746,0.317,1.5,-0.2,0.2,3086
Eric Sogard,Brewers,31,102,91,25,5,0,1,12,6,9,13,1,2,1,0.275,0.348,0.37,0.719,0.317,0.8,-0.4,0.3,7927
Ender Inciarte,Braves,67,293,269,79,12,2,4,40,21,19,38,1,9,3,0.292,0.34,0.395,0.735,0.317,4.8,0.2,1.3,4922
Maikel Franco,Phillies,65,274,252,65,14,1,11,32,41,18,44,2,1,0,0.256,0.31,0.442,0.752,0.317,-2.4,-0.1,0.5,12179
Adam Jones,Orioles,67,287,270,72,10,1,12,36,38,12,53,3,2,1,0.266,0.304,0.445,0.749,0.317,-2.2,0.1,0.7,6368
Chris Young,Red Sox,43,133,119,29,8,0,4,15,14,13,27,1,2,1,0.244,0.321,0.416,0.737,0.317,-0.5,-0.2,0.1,3882
Nick Markakis,Braves,69,300,266,73,15,1,4,34,31,29,44,3,0,1,0.275,0.35,0.379,0.729,0.317,-2.2,-0.6,0.1,5930
Kolten Wong,Cardinals,55,202,180,47,9,2,4,24,19,16,31,4,5,1,0.264,0.336,0.404,0.74,0.317,0.6,0.3,0.6,12532
Jayson Werth,Nationals,46,195,171,41,8,0,6,26,22,22,45,1,2,1,0.239,0.328,0.4,0.728,0.317,-2.5,-0.1,0,1327
Austin Barnes,Dodgers,45,166,148,37,8,1,4,20,18,16,28,1,4,1,0.251,0.328,0.402,0.729,0.317,-0.7,0.3,0.6,12158
Kevin Kiermaier,Rays,56,216,195,50,9,3,6,26,19,16,44,2,8,2,0.258,0.319,0.421,0.74,0.317,4.7,0.8,1.3,11038
Jeimer Candelario,Cubs,47,191,173,44,11,1,5,21,23,15,41,2,0,1,0.255,0.32,0.418,0.739,0.317,-0.9,-0.2,0.3,13621
Dan Vogelbach,Mariners,40,163,142,34,6,0,6,20,20,19,40,1,0,0,0.237,0.328,0.404,0.732,0.316,-0.7,-0.8,0.1,14130
Aledmys Diaz,Cardinals,57,231,213,57,13,1,6,28,25,14,37,2,4,2,0.266,0.316,0.426,0.743,0.316,-1.1,-0.2,0.7,15937
Clint Frazier,Yankees,44,191,174,42,8,2,8,23,24,14,57,1,3,2,0.24,0.299,0.447,0.746,0.316,-1,-0.1,0.5,15983
Tommy La Stella,Cubs,38,112,99,26,7,1,1,11,10,11,14,1,1,0,0.264,0.342,0.38,0.722,0.316,-1.4,-0.2,0.1,12371
Howie Kendrick,Phillies,51,206,188,53,9,1,3,24,19,15,35,1,5,2,0.28,0.336,0.393,0.729,0.315,0.7,-0.5,0.4,4229
Chris Taylor,Dodgers,55,217,196,52,12,2,4,28,22,18,50,1,7,2,0.264,0.327,0.401,0.729,0.315,0.8,0.6,0.7,13757
Ji-Man Choi,Yankees,28,99,87,21,4,0,3,11,12,10,19,1,1,1,0.24,0.325,0.403,0.728,0.315,-0.4,-0.3,0,5452
Michael Saunders,Blue Jays,52,190,169,40,8,1,7,24,20,19,47,1,1,1,0.237,0.315,0.422,0.737,0.315,-0.3,-0.1,0.2,9981
Eduardo Nunez,Giants,49,187,176,51,10,1,3,22,19,8,23,1,11,3,0.288,0.321,0.415,0.735,0.315,0.7,1,0.7,6848
Gregory Polanco,Pirates,64,260,236,61,13,2,7,33,29,22,47,1,8,3,0.259,0.322,0.417,0.739,0.315,2.6,0.4,0.7,12907
Colby Rasmus,Rays,43,159,144,34,6,1,8,18,22,14,51,0,1,0,0.233,0.301,0.444,0.744,0.315,2.4,0.3,0.6,9893
Jason Heyward,Cubs,60,247,220,57,11,1,6,29,27,23,39,2,5,2,0.257,0.33,0.393,0.724,0.314,5.7,0.4,0.9,4940
Robinson Chirinos,Rangers,33,113,100,22,5,0,5,15,15,9,29,3,0,0,0.224,0.302,0.43,0.732,0.314,0,-0.1,0.4,3142
Odubel Herrera,Phillies,71,283,260,71,15,2,5,33,23,18,65,3,8,3,0.274,0.326,0.406,0.732,0.314,4.3,0,1.1,11476
Yunel Escobar,Angels,54,226,206,58,10,1,3,24,18,16,28,2,1,1,0.28,0.336,0.383,0.72,0.314,-2,-0.8,0.5,4191
Austin Jackson,Indians,45,174,157,42,10,2,3,20,18,13,39,1,3,2,0.268,0.325,0.402,0.727,0.314,-1.4,-0.2,0.3,9848
Joe Panik,Giants,60,250,224,61,12,2,4,30,24,20,27,2,2,0,0.271,0.334,0.393,0.727,0.314,1,0.2,0.9,11936
Mark Zagunis,Cubs,34,144,124,29,7,1,3,16,15,16,34,3,3,1,0.236,0.333,0.381,0.714,0.313,-2,0.1,-0.1,16565
Brandon Drury,Diamondbacks,64,254,236,63,16,1,6,26,28,14,50,2,1,1,0.269,0.315,0.416,0.73,0.313,-0.8,-0.4,0.3,11615
Randal Grichuk,Cardinals,60,226,210,51,13,2,10,29,29,13,63,2,3,2,0.241,0.289,0.456,0.745,0.313,-1.3,-0.1,0.1,10243
Ian Happ,Cubs,49,205,185,44,9,1,8,24,25,17,62,1,4,2,0.238,0.306,0.427,0.733,0.312,-3.1,-0.2,0.1,17919
Paul DeJong,Cardinals,45,186,172,44,9,1,6,20,22,11,52,2,2,1,0.255,0.305,0.431,0.735,0.312,-1.8,-0.4,0.3,18015
Daniel Nava,Phillies,43,138,120,31,5,0,2,14,12,13,27,3,1,0,0.258,0.344,0.361,0.706,0.312,-0.9,-0.3,0.1,5450
Albert Pujols,Angels,60,253,233,60,8,0,11,27,44,17,33,1,1,0,0.256,0.307,0.436,0.743,0.312,-0.3,-0.2,0.1,1177
Denard Span,Giants,52,231,211,58,10,2,3,27,17,17,26,1,5,2,0.273,0.329,0.391,0.72,0.312,-1.7,-0.1,0.5,8347
Addison Russell,Cubs,69,260,234,57,13,2,8,31,36,21,61,4,2,1,0.243,0.315,0.417,0.732,0.312,3.4,0.1,1.1,14106
Brandon Nimmo,Mets,46,182,161,41,6,2,4,22,17,18,43,2,2,2,0.252,0.331,0.384,0.715,0.311,-1,-1.1,0.2,12927
C.J. Cron,Angels,48,180,168,44,9,1,6,19,25,8,36,3,1,1,0.259,0.302,0.429,0.731,0.311,-0.9,-0.2,0.1,12546
Jose Martinez,Cardinals,48,172,159,43,8,1,4,20,18,12,31,0,2,1,0.271,0.319,0.404,0.723,0.311,-1.6,0.1,0,7996
Cesar Hernandez,Phillies,61,239,215,59,7,3,3,30,16,21,47,1,7,4,0.273,0.339,0.371,0.709,0.31,0.8,-0.4,0.6,10556
Chris Owings,Diamondbacks,62,244,227,62,14,3,5,27,27,12,51,1,8,1,0.273,0.309,0.423,0.732,0.31,-2.3,1.1,0.2,10030
Didi Gregorius,Yankees,65,260,241,65,12,1,7,29,30,12,39,3,2,1,0.268,0.31,0.416,0.727,0.31,1.1,0.3,1,6012
Jed Lowrie,Athletics,50,209,189,49,12,1,4,24,19,17,35,1,0,0,0.26,0.325,0.394,0.719,0.31,-1.4,0,0.5,4418
Jon Jay,Cubs,52,171,152,42,8,1,1,21,14,12,32,5,2,1,0.274,0.344,0.364,0.708,0.31,-0.6,-0.1,0.2,5227
Lewis Brinson,Brewers,37,152,142,35,7,2,6,17,17,8,37,1,4,2,0.246,0.29,0.444,0.734,0.31,1.9,0.1,0.3,14352
Jeremy Hazelbaker,Diamondbacks,44,126,113,28,5,2,4,15,14,10,37,1,4,1,0.247,0.309,0.418,0.727,0.31,0.4,0.4,0.2,9399
Brock Holt,Red Sox,39,151,135,37,7,1,2,17,14,13,29,1,3,1,0.27,0.334,0.373,0.707,0.31,-1.1,0.2,0.2,9345
Welington Castillo,Orioles,47,185,169,42,7,0,8,18,25,12,48,2,0,0,0.247,0.304,0.422,0.726,0.31,-1,-0.2,0.5,3256
Wilmer Flores,Mets,60,213,198,53,10,1,7,25,27,11,31,1,1,0,0.266,0.305,0.426,0.731,0.31,-3.3,-0.1,0.1,5827
Martin Prado,Marlins,54,224,207,58,11,1,3,23,23,14,25,1,1,1,0.282,0.328,0.39,0.718,0.31,1,-0.4,0.5,3312
Gregory Bird,Yankees,36,149,132,29,7,0,6,18,20,14,43,2,0,0,0.22,0.302,0.422,0.724,0.31,-0.5,0,0.1,14131
Marcus Semien,Athletics,53,215,192,46,9,1,7,26,23,20,48,1,5,1,0.239,0.31,0.408,0.718,0.309,-1.2,0.4,0.8,12533
Ketel Marte,Diamondbacks,46,183,169,48,10,2,1,22,16,11,26,0,6,2,0.286,0.326,0.388,0.715,0.309,-0.8,-0.2,0.2,13613
Cameron Maybin,Angels,51,203,181,46,9,1,3,28,18,20,39,1,10,2,0.255,0.33,0.376,0.706,0.309,-1.4,0.7,0.4,5223
Matt Olson,Athletics,47,194,170,37,11,0,7,24,23,22,55,1,1,0,0.218,0.31,0.407,0.717,0.308,0.1,-0.1,0.3,14344
Daniel Descalso,Diamondbacks,48,126,111,27,6,1,3,14,15,13,26,1,1,1,0.241,0.326,0.385,0.711,0.308,-2.3,-0.1,-0.2,8392
Eddie Rosario,Twins,61,239,226,61,11,2,7,31,25,10,53,0,4,3,0.27,0.301,0.427,0.728,0.308,0,-0.4,0.2,12155
Jonathan Villar,Brewers,61,247,219,54,10,1,6,31,24,23,68,1,17,5,0.246,0.319,0.393,0.712,0.308,-2.4,1.3,0.2,10071
Chase Headley,Yankees,64,255,226,56,11,1,5,29,27,25,59,3,3,1,0.25,0.33,0.375,0.705,0.308,1.1,0,0.7,4720
Scott Van Slyke,Dodgers,32,79,70,16,4,0,3,9,8,7,21,1,1,1,0.233,0.316,0.397,0.714,0.308,0.4,-0.1,0.1,4365
Tyler Naquin,Indians,39,150,135,34,6,1,4,16,13,12,44,1,3,1,0.254,0.318,0.399,0.717,0.308,-0.7,-0.1,0.3,13359
Javier Baez,Cubs,64,228,211,53,11,1,8,27,30,11,63,3,6,2,0.253,0.299,0.432,0.731,0.307,1.1,0.5,0.6,12979
Victor Martinez,Tigers,58,235,214,56,9,0,7,22,32,17,32,2,0,0,0.26,0.32,0.4,0.72,0.307,0,-0.5,-0.2,393
Keon Broxton,Brewers,57,213,190,42,8,3,8,27,24,20,80,2,11,4,0.22,0.299,0.421,0.72,0.307,0.8,0.8,0.5,9253
Brandon Moss,Royals,55,200,179,39,8,1,10,23,23,18,62,2,1,0,0.217,0.295,0.428,0.724,0.307,-1.6,0,-0.3,4467
Yadier Molina,Cardinals,59,235,218,61,12,0,4,21,27,13,29,2,2,1,0.278,0.32,0.395,0.716,0.306,1.7,-0.3,0.9,7007
Mike Zunino,Mariners,54,197,177,39,8,0,10,22,28,14,66,5,0,0,0.218,0.289,0.427,0.717,0.306,-1.2,-0.4,0.7,13265
Tim Beckham,Rays,41,150,138,35,5,2,4,16,15,10,46,1,2,2,0.253,0.305,0.409,0.714,0.306,-0.7,-0.3,0.4,7949
Byron Buxton,Twins,64,238,217,54,9,3,6,30,24,17,71,2,9,1,0.247,0.306,0.407,0.713,0.306,4.4,1.4,1.1,14161
Kevin Pillar,Blue Jays,70,283,264,70,17,1,6,32,25,13,44,3,8,3,0.266,0.307,0.407,0.714,0.306,3.9,0.2,1,12434
Wilson Ramos,Rays,39,154,144,37,6,0,6,15,22,8,28,0,0,0,0.259,0.299,0.423,0.723,0.306,0.2,-0.2,0.7,1433
Stephen Drew,Nationals,39,115,103,24,6,1,3,11,15,10,24,1,0,0,0.235,0.304,0.412,0.716,0.306,0.2,0,0.2,4251
Michael Morse,Giants,39,118,107,26,5,1,4,10,12,8,33,2,0,0,0.241,0.306,0.404,0.71,0.306,-0.4,0,0.1,3035
Bradley Zimmer,Indians,52,212,189,45,8,1,6,23,24,18,72,3,9,3,0.237,0.313,0.392,0.705,0.306,2.2,0.5,0.7,16221
Tyler Austin,Yankees,39,156,141,32,7,1,6,18,20,13,49,1,2,1,0.23,0.296,0.419,0.715,0.306,-0.4,0,0,11850
Ezequiel Carrera,Blue Jays,56,172,154,40,5,1,4,20,15,13,36,2,6,2,0.261,0.323,0.376,0.698,0.305,0.4,0.3,0.2,9048
Dustin Garneau,Rockies,31,116,106,26,7,0,3,12,13,7,24,2,1,1,0.246,0.304,0.408,0.712,0.305,0,0.1,0.1,9433
Brock Stassi,Phillies,50,173,154,37,7,1,4,20,19,17,33,1,1,1,0.241,0.317,0.384,0.701,0.305,1.1,-0.4,0.2,12244
Phillip Ervin,Reds,42,171,152,35,7,1,5,21,20,15,43,3,7,3,0.231,0.31,0.394,0.704,0.305,1.6,0.2,0.2,14738
Jhonny Peralta,Cardinals,42,159,145,37,7,0,4,16,16,12,29,1,0,1,0.253,0.313,0.394,0.707,0.305,0.2,-0.4,0.2,1738
Nori Aoki,Astros,52,203,182,50,8,1,2,23,14,14,20,3,5,3,0.273,0.333,0.361,0.694,0.305,-1,-0.6,0.1,13075
Jordy Mercer,Pirates,63,242,218,57,10,2,5,25,25,20,37,1,1,1,0.26,0.325,0.39,0.715,0.304,-0.6,-0.4,0.6,6547
Jacoby Ellsbury,Yankees,56,235,213,56,9,2,4,29,21,18,36,2,10,2,0.263,0.324,0.374,0.698,0.304,0,0.9,0.5,4727
Brandon Crawford,Giants,63,246,222,56,11,2,6,26,34,19,49,2,2,1,0.251,0.312,0.407,0.719,0.303,4,0.2,1.1,5343
Gregor Blanco,Diamondbacks,48,147,130,33,6,2,2,20,11,15,27,1,4,1,0.253,0.33,0.368,0.698,0.303,-1.4,0.1,-0.1,3123
Ben Gamel,Mariners,58,246,225,59,11,2,4,29,24,17,57,1,4,2,0.262,0.315,0.388,0.703,0.303,-1.7,0.1,0.1,12160
Brandon Phillips,Braves,61,252,237,66,13,0,4,30,25,10,32,3,5,3,0.277,0.315,0.388,0.703,0.303,0.1,-0.1,0.4,791
Andrelton Simmons,Angels,63,254,235,64,12,1,4,27,24,16,25,1,5,2,0.271,0.318,0.384,0.702,0.303,5.9,0.1,1.5,10847
Manny Pina,Brewers,37,138,127,33,8,0,3,15,17,8,24,2,1,0,0.258,0.305,0.401,0.706,0.303,1.1,0,0.4,2829
Eduardo Escobar,Twins,54,191,176,46,10,1,4,20,21,11,36,1,1,1,0.259,0.306,0.402,0.708,0.303,-1.1,-0.1,0.1,6153
Ryan Raburn,Nationals,32,81,73,17,3,1,2,8,9,7,23,1,0,0,0.233,0.308,0.394,0.702,0.302,-1.2,-0.4,-0.2,2218
Jarrett Parker,Giants,40,145,128,28,5,1,5,18,16,14,53,2,2,2,0.221,0.307,0.392,0.699,0.302,1.6,-0.2,0.2,11624
Miguel Montero,Blue Jays,44,149,130,31,5,0,4,14,17,16,33,2,1,0,0.237,0.328,0.371,0.698,0.302,-2.1,-0.2,0.3,3364
Derek Fisher,Astros,42,186,165,37,6,2,6,22,22,19,59,1,6,2,0.225,0.307,0.398,0.706,0.302,-1.9,0.2,0.3,16192
Kirk Nieuwenhuis,Brewers,39,114,100,21,5,1,4,13,15,12,37,1,2,2,0.21,0.3,0.403,0.702,0.302,0,-0.3,0,6400
Kurt Suzuki,Braves,46,167,150,38,8,0,3,15,20,10,20,4,0,0,0.255,0.318,0.381,0.699,0.302,-1.7,0,0.3,8259
Luis Valbuena,Angels,45,166,145,32,6,0,6,18,19,18,40,1,0,1,0.22,0.309,0.387,0.696,0.302,-0.6,-0.3,0.1,4969
Travis d'Arnaud,Mets,45,166,151,37,7,1,6,20,19,12,30,1,0,0,0.241,0.302,0.406,0.708,0.302,-1.5,0,0.4,7739
Pablo Sandoval,Red Sox,42,164,151,39,7,1,4,15,19,10,26,1,0,0,0.256,0.307,0.398,0.705,0.302,-2.2,-0.2,0,5409
Chris Coghlan,Blue Jays,47,146,128,29,7,1,3,17,14,15,32,1,2,1,0.229,0.316,0.38,0.697,0.302,0,0,0.2,6878
Abraham Almonte,Indians,46,162,146,37,8,2,3,19,16,13,38,1,4,1,0.252,0.313,0.384,0.697,0.301,0.7,0.3,0.2,5486
Delino DeShields,Rangers,57,212,184,47,8,1,3,30,15,19,56,2,13,4,0.255,0.329,0.353,0.682,0.301,-0.9,1.1,0.1,11379
Gavin Cecchini,Mets,43,181,166,44,8,1,3,22,18,13,26,0,1,1,0.262,0.314,0.381,0.695,0.301,-2,0.1,0.3,17005
Jefry Marte,Angels,45,166,151,35,7,0,6,18,21,12,38,2,2,1,0.231,0.296,0.403,0.699,0.301,-0.8,-0.4,0,5107
Cory Spangenberg,Padres,39,139,126,33,5,2,2,15,15,9,34,1,4,1,0.258,0.311,0.387,0.698,0.301,-0.2,0.3,0.2,12294
Michael Taylor,Nationals,57,212,195,47,10,1,7,25,23,15,70,1,9,3,0.241,0.297,0.41,0.706,0.301,1.5,0.9,0.5,11489
Hunter Renfroe,Padres,65,268,251,60,13,1,11,31,35,14,74,2,2,1,0.237,0.281,0.433,0.714,0.301,0.2,0.3,0.1,15464
Chris Marrero,Giants,37,146,135,34,7,1,4,14,15,9,28,1,0,0,0.253,0.301,0.401,0.702,0.3,-0.8,-0.2,0,2852
Hernan Perez,Brewers,61,215,203,54,10,2,5,22,24,9,37,0,8,2,0.266,0.295,0.413,0.708,0.3,1,0.7,0.2,5751
Albert Almora Jr.,Cubs,59,203,190,52,11,1,3,23,20,10,31,0,3,1,0.271,0.307,0.392,0.699,0.3,0.9,0.1,0.3,14109
Jose Osuna,Pirates,55,197,185,47,11,2,5,23,24,10,40,1,1,1,0.253,0.293,0.413,0.706,0.3,-0.8,-0.3,0,12937
Alex Gordon,Royals,61,246,214,49,9,1,6,26,22,24,56,5,3,1,0.228,0.319,0.37,0.69,0.3,4.8,0,0.5,5209
Stephen Cardullo,,44,162,148,37,7,1,4,15,17,10,29,2,2,2,0.247,0.302,0.395,0.698,0.3,-0.1,-0.5,-0.4,11204
Tom Murphy,Rockies,29,112,104,25,6,1,4,13,16,7,34,1,1,1,0.237,0.286,0.424,0.711,0.3,-1.2,0.1,-0.1,13499
Jorge Soler,Royals,38,137,122,28,7,0,4,15,16,13,41,1,1,0,0.226,0.304,0.394,0.698,0.3,-2,-0.3,-0.3,14221
Yandy Diaz,Indians,43,184,163,41,5,1,3,19,15,18,35,1,2,1,0.255,0.331,0.347,0.678,0.3,-1,-0.5,0.1,16578
Mark Canha,Athletics,32,122,111,26,6,1,4,13,14,8,32,2,1,0,0.233,0.295,0.402,0.696,0.3,-1.9,0,-0.1,11445
Victor Caratini,Cubs,39,155,139,35,8,1,2,15,14,13,34,2,0,0,0.248,0.319,0.365,0.685,0.299,-2.2,-0.5,0.1,14968
Tyler Moore,Marlins,37,100,93,22,6,0,4,11,14,6,27,0,0,0,0.235,0.283,0.427,0.71,0.299,-0.5,0,0,7244
Dee Gordon,Marlins,66,289,270,77,9,4,1,40,15,14,41,3,25,6,0.287,0.326,0.36,0.686,0.299,1.1,2.3,0.7,8203
Brett Phillips,Brewers,39,169,151,34,6,2,6,19,20,14,54,1,3,2,0.227,0.295,0.403,0.698,0.299,0.4,-0.4,0.1,14735
T.J. Rivera,Mets,58,224,209,56,11,1,4,25,23,9,36,4,1,1,0.27,0.308,0.385,0.693,0.299,0.8,-0.1,0.3,12495
Jose Reyes,Mets,54,231,211,53,10,2,5,29,20,17,30,0,8,2,0.252,0.307,0.387,0.693,0.299,-4.1,0.7,0.1,1736
Austin Slater,Giants,42,173,158,40,7,1,4,19,17,13,42,1,2,2,0.25,0.308,0.381,0.689,0.298,0.8,-0.5,0.1,16153
Matt Wieters,Nationals,47,178,164,41,8,0,5,17,23,12,34,1,1,0,0.249,0.303,0.394,0.696,0.298,-1,-0.1,0.3,4298
Cheslor Cuthbert,Royals,54,211,196,50,10,1,5,20,21,13,40,0,1,1,0.257,0.302,0.391,0.693,0.298,-1.3,-0.1,0,10473
Kik√© Hernandez,Dodgers,55,164,147,34,9,1,5,20,16,14,34,1,2,1,0.23,0.299,0.395,0.693,0.298,-1.1,0.2,0.1,10472
Jose Pirela,Padres,37,150,140,36,8,2,3,17,14,8,25,1,2,1,0.257,0.299,0.395,0.694,0.297,1.1,-0.1,0.1,5485
Dansby Swanson,Braves,64,270,242,59,12,2,5,31,29,25,59,1,3,1,0.244,0.315,0.38,0.695,0.297,1.4,0.2,0.6,18314
Geovany Soto,White Sox,18,59,53,12,2,0,3,6,8,5,17,0,0,0,0.22,0.282,0.414,0.697,0.297,-0.6,0,0.1,3707
Whit Merrifield,Royals,61,260,242,64,15,2,4,28,24,13,44,2,9,2,0.264,0.303,0.388,0.691,0.297,1.4,0.9,0.5,11281
Adam Frazier,Pirates,54,210,190,50,9,2,1,24,17,15,28,2,5,4,0.265,0.324,0.351,0.675,0.297,0.5,-0.7,0,15223
Yan Gomes,Indians,46,171,157,37,9,1,5,18,21,10,43,2,0,0,0.235,0.29,0.403,0.693,0.297,1.2,-0.3,0.6,9627
Andrew Toles,Dodgers,40,156,147,38,8,2,3,18,17,6,33,1,7,3,0.261,0.295,0.398,0.694,0.296,1.4,-0.3,0.2,13414
Rob Refsnyder,Yankees,47,178,161,39,8,1,3,20,17,14,34,2,3,1,0.246,0.312,0.368,0.681,0.296,-0.7,0.3,0,13770
Steve Selsky,Red Sox,33,113,101,24,6,1,2,13,12,9,36,2,1,1,0.236,0.308,0.37,0.677,0.296,0.8,-0.1,-0.1,12957
Miguel Andujar,Yankees,46,193,180,45,9,1,6,21,24,9,37,2,2,1,0.248,0.289,0.404,0.693,0.296,-1.4,0.3,0.2,15878
Brian Goodwin,Nationals,49,189,169,40,8,2,5,20,20,16,54,1,3,2,0.234,0.302,0.386,0.688,0.296,0.4,-0.2,0,12858
Justin Ruggiano,Giants,28,97,88,21,4,0,3,10,11,7,27,1,1,1,0.234,0.297,0.386,0.684,0.296,-1.4,-0.5,-0.2,7620
Chase Utley,Dodgers,52,194,173,40,9,2,4,24,20,15,35,4,2,1,0.232,0.305,0.376,0.681,0.295,0.1,0,0.2,1679
Guillermo Heredia,Mariners,58,213,189,48,5,0,3,23,16,17,31,5,1,2,0.254,0.331,0.328,0.659,0.295,1.6,-0.8,0.3,18721
Jarrod Dyson,Mariners,52,162,143,36,6,2,2,22,12,12,25,3,14,3,0.25,0.319,0.358,0.677,0.295,4.3,1.6,0.9,4866
Dwight Smith,Blue Jays,43,180,166,41,8,1,4,18,18,12,40,1,3,1,0.245,0.3,0.386,0.686,0.295,1.6,0.3,0.3,13473
Nick Williams,Phillies,44,186,176,43,9,2,6,23,23,7,49,1,2,2,0.245,0.278,0.422,0.7,0.295,0.7,-0.3,0,14330
Jorge Polanco,Twins,62,260,240,62,12,3,4,27,29,16,41,1,5,3,0.257,0.304,0.383,0.687,0.295,-0.9,-0.1,0.4,13152
Ryan Rua,Rangers,46,149,135,31,6,0,5,18,14,11,43,2,2,1,0.233,0.299,0.384,0.682,0.295,0.7,0.1,0,12409
Rickie Weeks Jr.,Rays,35,87,76,16,4,0,2,10,8,8,29,2,1,0,0.214,0.306,0.364,0.67,0.295,-1.4,0.2,-0.2,1849
Trayce Thompson,Dodgers,38,146,134,30,7,1,6,17,17,10,41,1,2,1,0.221,0.278,0.417,0.695,0.295,0.8,0.3,0.2,9952
Tucker Barnhart,Reds,48,171,153,40,9,1,2,14,15,14,28,1,1,0,0.258,0.322,0.364,0.686,0.294,2,0.1,0.5,10200
Nick Hundley,Giants,39,132,123,31,8,1,3,12,13,7,33,0,1,1,0.252,0.294,0.399,0.693,0.294,-2.3,-0.1,0.1,3376
Orlando Arcia,Brewers,65,266,248,63,12,2,6,29,28,14,52,1,7,3,0.255,0.297,0.392,0.689,0.294,1.3,0.4,0.4,13185
Jason Castro,Twins,50,187,166,36,9,1,5,19,20,19,53,1,0,0,0.22,0.303,0.371,0.674,0.294,1.4,-0.3,0.6,8722
Mac Williamson,Giants,35,129,117,27,5,0,4,15,14,9,36,2,1,0,0.233,0.298,0.385,0.683,0.294,-0.2,0.1,0,14158
Cristhian Adames,Rockies,44,139,126,33,5,1,2,13,11,9,24,1,2,2,0.261,0.313,0.361,0.674,0.293,0.6,-0.4,-0.2,6013
Manuel Margot,Padres,56,247,230,60,10,4,3,27,20,13,39,1,11,5,0.259,0.301,0.379,0.681,0.293,2.5,0.2,0.5,14712
Ty Kelly,Phillies,49,160,140,33,7,1,2,18,15,17,30,1,1,1,0.238,0.318,0.345,0.663,0.293,-2,-0.3,-0.2,7740
Trevor Plouffe,Rays,53,205,188,44,8,1,6,22,23,15,48,1,1,1,0.236,0.294,0.388,0.682,0.293,-1.2,-0.4,0.1,7462
Daniel Robertson,Rays,47,192,170,40,7,1,3,20,15,17,44,4,1,1,0.237,0.316,0.346,0.662,0.293,-0.3,-0.3,0.3,14145
Greg Garcia,Cardinals,59,176,150,35,6,1,1,17,11,19,36,3,3,1,0.236,0.335,0.316,0.651,0.293,0.4,0,0.2,10951
Bruce Maxwell,Athletics,37,136,123,30,6,0,2,13,13,12,30,0,0,0,0.245,0.31,0.356,0.667,0.292,0,-0.5,0.4,13866
Carlos Asuaje,Padres,46,194,176,44,8,2,3,20,17,14,39,1,2,2,0.247,0.305,0.367,0.672,0.292,-0.7,-0.2,0.1,15197
Mike Tauchman,Rockies,36,144,132,35,6,2,1,13,11,10,24,1,6,3,0.268,0.321,0.347,0.669,0.292,0.6,0,-0.2,15274
Sandy Leon,Red Sox,35,128,116,28,6,0,3,13,13,9,29,1,0,0,0.245,0.304,0.371,0.675,0.292,1.8,-0.5,0.4,5273
Patrick Kivlehan,Reds,54,185,171,40,7,1,6,21,21,11,50,2,2,1,0.233,0.285,0.394,0.68,0.292,-2.3,0,-0.3,13910
Rio Ruiz,Braves,52,197,176,41,8,1,4,23,20,18,51,1,1,1,0.231,0.304,0.366,0.671,0.291,-0.3,-0.4,0,14103
Adonis Garcia,Braves,49,202,191,50,9,0,5,23,21,7,31,2,2,1,0.26,0.293,0.388,0.681,0.291,-1.7,-0.3,-0.1,13777
Taylor Motter,Mariners,53,204,187,44,10,0,6,23,22,15,43,1,7,2,0.234,0.292,0.384,0.676,0.291,-2.4,0.4,0.1,12399
Jurickson Profar,Rangers,34,128,114,27,4,1,2,14,11,11,25,2,2,1,0.236,0.311,0.35,0.661,0.291,0.1,-0.3,0,10815
Jake Marisnick,Astros,58,171,157,37,7,1,5,23,18,9,49,3,7,3,0.233,0.285,0.396,0.681,0.291,1.2,0.4,0.4,11339
Jose Peraza,Reds,66,270,253,69,8,4,4,28,24,9,36,3,13,5,0.271,0.302,0.373,0.675,0.291,0,0.6,0.2,13593
Freddy Galvis,Phillies,67,264,245,61,11,3,7,28,28,14,51,1,5,1,0.247,0.288,0.398,0.686,0.291,1.8,0.3,0.6,6609
Leury Garcia,White Sox,46,163,150,39,5,1,3,19,14,8,36,2,7,3,0.259,0.303,0.373,0.676,0.291,2.5,-0.2,0.4,5913
Cameron Rupp,Phillies,42,161,146,33,7,0,5,16,17,12,48,2,1,0,0.227,0.293,0.384,0.677,0.291,-0.6,-0.1,0.3,11146
Ehire Adrianza,Twins,31,91,80,20,4,0,2,9,9,7,17,1,3,1,0.247,0.306,0.362,0.669,0.291,0.6,0,0.2,8418
Matt Davidson,White Sox,54,216,197,43,8,0,10,25,27,16,81,2,0,0,0.217,0.279,0.404,0.683,0.291,-1.4,-0.5,-0.4,7226
Johnny Giavotella,Orioles,39,152,141,37,8,1,2,17,14,8,17,1,2,1,0.264,0.304,0.368,0.673,0.291,-1.1,0,0,6740
Drew Robinson,Rangers,40,168,149,31,6,1,6,18,18,16,57,1,3,2,0.207,0.288,0.386,0.674,0.291,-0.4,-0.5,-0.2,11761
Conor Gillaspie,Giants,43,122,113,28,6,1,2,12,13,8,18,1,0,1,0.25,0.299,0.382,0.681,0.29,-1.4,-0.4,-0.1,9009
Kyle Higashioka,Yankees,35,132,124,29,6,1,4,15,18,7,30,0,0,0,0.237,0.28,0.403,0.683,0.29,-1.3,0,0.2,5517
Matt Chapman,Athletics,36,153,140,29,6,1,6,19,18,12,52,1,1,1,0.21,0.275,0.409,0.684,0.29,2.3,-0.1,0.5,16505
Jorge Bonifacio,Royals,59,247,225,52,10,2,7,27,24,18,68,2,1,1,0.231,0.29,0.381,0.671,0.29,1,-0.2,-0.1,12174
Jaff Decker,Athletics,38,142,124,28,5,1,3,15,11,15,32,1,4,2,0.226,0.312,0.344,0.656,0.289,-1.4,0,0,7945
Joey Rickard,Orioles,46,154,139,34,7,0,2,16,12,11,34,2,4,1,0.248,0.309,0.347,0.657,0.289,-1.1,0.3,-0.1,13277
Alen Hanson,White Sox,57,202,185,44,6,4,4,24,19,13,40,0,9,4,0.24,0.288,0.387,0.675,0.289,0.4,0,0.1,12926
Mallex Smith,Rays,42,168,150,37,5,2,1,21,13,14,40,1,13,5,0.248,0.315,0.339,0.654,0.289,0.6,0.3,0.2,13608
Ronald Torreyes,Yankees,51,168,156,42,6,2,1,18,14,7,16,2,2,1,0.269,0.306,0.359,0.664,0.289,1,-0.2,0.3,11400
Andrew Knapp,Phillies,43,176,159,37,8,1,4,21,17,15,53,1,1,1,0.23,0.3,0.365,0.666,0.288,-1.2,-0.3,0.2,14942
Brett Eibner,Dodgers,37,138,125,27,5,1,5,15,16,11,38,1,2,1,0.22,0.286,0.385,0.671,0.288,-1.2,0.1,-0.1,11369
Darrell Ceciliani,Blue Jays,35,125,116,28,6,1,3,14,15,6,34,1,4,1,0.239,0.283,0.394,0.676,0.288,0.8,0.5,0,9954
Ryan Hanigan,Rockies,21,74,66,16,2,0,1,7,9,6,14,1,0,0,0.241,0.316,0.336,0.652,0.288,-0.1,0,0,4952
Jared Hoying,Rangers,47,171,160,37,7,1,6,20,20,9,44,1,5,2,0.231,0.274,0.405,0.679,0.288,0.8,0.4,0.2,10882
Francisco Pena,Orioles,29,106,100,25,5,0,3,12,13,5,20,1,0,1,0.247,0.282,0.39,0.672,0.288,0.7,-0.5,0.2,8298
Mikie Mahtook,Tigers,51,184,172,42,9,2,4,19,18,9,48,3,3,1,0.244,0.289,0.38,0.669,0.287,-1.1,0.1,-0.1,13130
Pat Valaika,Rockies,55,199,186,45,10,1,5,20,22,9,52,1,4,3,0.244,0.279,0.397,0.676,0.287,1.1,-0.3,-0.4,14885
Anthony Recker,Braves,24,80,70,15,3,0,3,8,9,8,25,1,0,0,0.209,0.296,0.363,0.659,0.287,-1.9,0.1,-0.1,4063
Juan Centeno,Astros,24,85,78,20,3,1,1,8,8,4,15,1,1,0,0.256,0.298,0.366,0.665,0.287,-0.1,-0.1,0.2,7168
Tony Kemp,Astros,40,160,142,35,5,2,1,17,11,13,26,2,6,3,0.246,0.316,0.331,0.647,0.287,0.8,-0.2,0,14894
Gorkys Hernandez,Giants,53,182,163,40,8,1,2,20,14,14,38,2,6,3,0.248,0.313,0.34,0.653,0.287,0.4,-0.2,0,4146
Chad Pinder,Athletics,47,190,177,41,10,1,6,21,21,8,51,3,2,1,0.234,0.276,0.394,0.671,0.286,-1.3,-0.3,0,15191
Tyler Saladino,White Sox,42,161,146,35,6,1,3,17,15,10,35,2,5,2,0.241,0.297,0.361,0.658,0.286,2,0,0.3,10807
Chris Herrmann,Diamondbacks,40,116,104,23,5,1,3,13,14,10,29,1,1,0,0.217,0.289,0.375,0.663,0.286,-1.6,0,-0.2,9284
Marco Hernandez,Red Sox,42,149,141,37,6,2,2,15,14,6,36,1,2,1,0.262,0.293,0.375,0.667,0.286,-1.7,-0.2,-0.1,13154
Nick Franklin,Brewers,51,163,146,33,6,1,4,16,16,13,39,1,3,1,0.227,0.296,0.361,0.657,0.286,-0.3,0.5,0.2,10166
Chris Gimenez,Twins,36,114,100,21,4,0,3,12,9,11,29,1,1,0,0.214,0.297,0.352,0.649,0.286,-0.5,-0.1,0.1,7324
Martin Maldonado,Angels,38,126,111,25,4,0,3,11,12,9,31,4,0,0,0.225,0.303,0.358,0.661,0.286,1,-0.4,0.4,6887
John Hicks,Tigers,36,131,123,30,6,0,3,15,15,6,33,1,2,1,0.246,0.282,0.384,0.666,0.286,1.4,0.3,0.1,12547
Juan Lagares,Mets,51,146,135,34,7,1,2,17,12,7,28,2,3,1,0.254,0.296,0.369,0.665,0.285,3.8,0.2,0.5,5384
Jett Bandy,Brewers,37,137,125,28,6,0,5,13,14,7,33,4,1,0,0.221,0.281,0.378,0.66,0.285,0.2,0.1,0.2,12508
Elias Diaz,Pirates,29,106,98,24,5,1,1,11,12,7,19,0,1,1,0.25,0.297,0.361,0.658,0.285,0,-0.1,0.1,11680
David Washington,Orioles,36,142,127,25,5,0,7,16,18,13,63,1,1,1,0.195,0.27,0.397,0.668,0.285,-1.8,-0.3,-0.4,12110
Dixon Machado,Tigers,52,199,179,45,8,1,2,19,15,14,32,1,4,1,0.25,0.308,0.34,0.648,0.285,0.4,-0.3,0.1,11472
Austin Hedges,Padres,49,179,168,39,8,0,7,19,25,8,43,1,1,1,0.233,0.27,0.405,0.676,0.285,1.7,-0.3,0.4,12976
Phil Gosselin,Pirates,42,112,105,27,5,1,1,12,8,6,20,1,1,1,0.259,0.298,0.358,0.656,0.285,-0.9,0,-0.1,10953
Arismendy Alcantara,Reds,56,195,182,42,8,3,6,24,22,11,59,0,7,2,0.228,0.272,0.398,0.67,0.285,-1.1,0.5,-0.2,10711
Cody Asche,White Sox,46,168,153,34,8,0,5,19,19,12,47,1,1,1,0.223,0.284,0.379,0.663,0.284,-2.1,0,-0.6,11997
Erick Aybar,Padres,63,237,218,55,11,1,3,25,18,14,30,3,5,2,0.254,0.306,0.35,0.656,0.284,-1.9,-0.1,0,4082
Matt Szczur,Padres,55,147,131,31,5,1,2,16,13,12,28,1,4,2,0.236,0.304,0.343,0.648,0.284,0,0,-0.1,11255
Caleb Joseph,Orioles,41,140,131,32,6,0,4,13,14,7,33,1,0,0,0.243,0.284,0.376,0.661,0.284,0.8,-0.2,0.3,7087
Tyler Collins,Tigers,50,186,170,38,6,1,6,19,19,14,50,1,2,2,0.225,0.287,0.366,0.653,0.284,0.6,-0.3,0,12723
Daniel Robertson,Indians,42,150,137,34,6,1,1,15,13,10,17,1,3,1,0.251,0.306,0.341,0.647,0.283,-1.3,-0.2,-0.3,6266
Jace Peterson,Braves,56,201,176,41,8,2,2,20,16,21,40,1,4,3,0.23,0.314,0.329,0.642,0.283,-0.8,-0.3,-0.3,12325
Tony Wolters,Rockies,36,134,120,30,5,1,1,14,11,12,31,1,1,1,0.249,0.32,0.329,0.65,0.283,1.7,-0.2,0,11470
Chris Heisey,Nationals,38,94,84,17,3,0,3,11,10,8,25,1,1,0,0.207,0.283,0.374,0.656,0.283,0.1,0,-0.1,3978
Jose Iglesias,Tigers,58,219,202,53,11,1,2,23,16,10,26,3,4,2,0.26,0.304,0.344,0.648,0.283,2.9,-0.3,0.5,10231
Yolmer Sanchez,White Sox,61,235,215,52,10,2,4,25,21,13,51,2,4,3,0.243,0.291,0.364,0.655,0.283,2.7,-0.5,0.3,11602
Billy Burns,Royals,41,164,151,39,6,2,1,19,10,9,25,2,9,2,0.26,0.306,0.342,0.649,0.283,-0.1,0.8,0.1,12701
Alex Presley,Tigers,38,136,125,31,4,1,2,13,13,9,24,1,3,2,0.248,0.301,0.346,0.647,0.283,1.1,-0.1,0.1,5305
Carlos Ruiz,Mariners,28,95,83,19,4,0,1,8,7,9,17,2,1,0,0.23,0.318,0.311,0.629,0.282,-0.2,-0.2,0.2,2579
Ildemaro Vargas,Diamondbacks,39,165,153,40,7,1,2,16,13,8,17,1,3,1,0.259,0.298,0.354,0.652,0.282,0,0.1,0,13324
Kevan Smith,White Sox,37,141,130,32,6,0,3,15,14,7,30,2,0,0,0.244,0.293,0.36,0.653,0.282,-0.8,-0.3,0.1,12284
A.J. Ellis,Marlins,28,95,81,18,3,0,2,8,9,11,17,1,0,0,0.218,0.319,0.312,0.631,0.282,-0.6,-0.2,0,5677
Derek Norris,Rays,51,185,167,36,7,0,6,21,22,15,48,2,2,1,0.216,0.285,0.372,0.657,0.282,-1.4,0.1,0.3,6867
Grant Green,Nationals,37,140,133,34,6,1,2,15,15,5,26,1,1,1,0.258,0.286,0.372,0.658,0.282,-1.7,-0.4,-0.3,10053
Franklin Barreto,Athletics,40,169,158,38,7,1,4,19,16,9,40,2,6,4,0.24,0.284,0.372,0.657,0.282,-2.3,-0.5,0,15519
Christian Vazquez,Red Sox,41,154,142,36,8,1,1,14,14,9,31,1,2,1,0.252,0.3,0.347,0.648,0.282,1,-0.2,0.3,9774
James McCann,Tigers,49,183,168,39,7,1,5,16,21,10,45,2,1,0,0.232,0.283,0.371,0.654,0.282,1.3,0.1,0.5,12859
Tim Federowicz,Giants,23,82,75,18,4,0,2,8,9,5,21,1,0,0,0.243,0.293,0.359,0.652,0.282,0,0,0.1,8609
Josh Phegley,Athletics,32,112,104,24,7,0,3,12,13,5,20,2,0,0,0.227,0.275,0.381,0.656,0.282,0.6,-0.1,0.3,9308
Ryan Lavarnway,Athletics,24,91,82,19,4,0,2,9,7,8,19,1,0,0,0.231,0.302,0.335,0.637,0.282,-0.9,0.2,0.1,8879
Adam Rosales,Athletics,44,127,115,27,5,0,3,13,14,9,37,1,1,1,0.23,0.288,0.364,0.652,0.281,0.1,-0.1,0.2,9682
Hector Sanchez,Padres,25,58,54,12,2,0,2,5,8,3,15,1,0,0,0.225,0.272,0.39,0.662,0.281,-1.8,0,-0.2,10289
Giovanny Urshela,Indians,40,162,154,39,8,1,3,16,16,6,25,1,0,0,0.253,0.282,0.373,0.655,0.281,1.3,0,0.1,10681
Johan Camargo,Braves,54,191,175,44,10,2,2,20,17,9,38,1,1,1,0.251,0.287,0.367,0.654,0.281,0.3,-0.2,-0.1,14950
Dustin Fowler,Yankees,46,194,185,46,8,2,5,20,22,6,41,1,7,4,0.246,0.272,0.39,0.661,0.28,-1.4,-0.3,-0.1,17098
Rajai Davis,Athletics,39,141,130,30,8,1,3,18,14,9,28,1,3,1,0.228,0.282,0.365,0.648,0.28,-0.6,0.4,0,3708
Shane Peterson,Rays,32,115,103,23,5,1,2,12,11,9,31,1,1,0,0.225,0.291,0.353,0.644,0.28,-0.9,0,-0.2,7423
Kelby Tomlinson,Giants,48,160,145,37,5,1,1,17,11,12,30,1,7,2,0.253,0.314,0.318,0.632,0.28,0.8,0.3,0.1,13005
Kevin Plawecki,Mets,38,139,127,30,6,0,2,13,15,9,23,2,0,0,0.239,0.298,0.346,0.643,0.28,0.5,0.1,0.3,13807
Nick Ahmed,Diamondbacks,49,175,162,39,7,1,4,19,15,10,32,1,3,2,0.242,0.289,0.365,0.654,0.28,2.6,-0.2,0.2,12147
Miguel Rojas,Marlins,48,125,114,30,6,0,1,15,9,7,15,1,1,1,0.261,0.305,0.34,0.645,0.279,1,-0.3,0.1,7802
Peter Bourjos,Rays,49,123,112,26,5,1,3,15,9,7,33,2,3,2,0.231,0.283,0.367,0.651,0.279,0.9,-0.2,0,2578
Tomas Telis,Marlins,36,140,131,34,6,1,2,15,13,7,17,1,1,1,0.257,0.295,0.351,0.647,0.279,0.5,-0.2,0.2,10067
Danny Santana,Braves,50,169,158,39,8,2,2,20,16,7,40,1,7,2,0.247,0.283,0.367,0.65,0.279,-0.7,0.3,-0.3,10322
Erik Gonzalez,Indians,48,187,177,44,9,1,4,19,17,6,47,1,4,2,0.249,0.278,0.376,0.654,0.279,0.4,-0.3,0,13369
Billy Hamilton,Reds,61,254,231,57,8,3,2,34,16,18,51,0,28,5,0.248,0.3,0.335,0.636,0.279,5.2,3.7,0.7,10199
Tim Anderson,White Sox,62,271,259,66,10,2,6,31,22,7,75,1,7,2,0.254,0.276,0.376,0.652,0.279,-1.3,0.6,0.1,15172
Wilmer Difo,Nationals,41,138,127,32,5,1,2,16,13,8,26,1,5,1,0.249,0.297,0.353,0.649,0.279,1,0.6,0.1,14320
Ruben Tejada,Orioles,39,131,116,28,6,0,1,14,10,10,22,2,0,0,0.237,0.31,0.326,0.636,0.279,-1.9,-0.1,-0.1,5519
Leonys Martin,Mariners,45,171,156,37,6,1,3,19,14,11,40,1,8,2,0.236,0.289,0.353,0.642,0.278,2.6,0.8,0.4,11846
Alexi Amarista,Rockies,46,125,116,30,5,1,2,13,15,7,19,0,3,1,0.256,0.297,0.349,0.646,0.278,-1.1,0.2,-0.5,9063
Rene Rivera,Mets,39,127,117,27,5,0,3,10,16,7,32,1,0,0,0.235,0.287,0.364,0.651,0.278,1.3,-0.2,0.3,3648
Ryan Flaherty,Orioles,31,93,83,18,3,0,2,10,10,7,23,1,0,0,0.218,0.291,0.35,0.641,0.278,1.1,-0.1,0.1,7888
Boog Powell,Mariners,34,136,122,29,3,1,1,14,9,12,26,1,3,3,0.241,0.308,0.315,0.623,0.278,1.6,-0.8,-0.1,15103
Paulo Orlando,Royals,44,163,154,40,7,1,2,16,13,5,34,2,4,2,0.26,0.291,0.352,0.643,0.278,2.7,0.5,0,8628
Josh Rutledge,Red Sox,35,118,107,25,5,1,1,12,9,8,32,2,1,1,0.237,0.298,0.335,0.633,0.277,-0.8,0,-0.2,11167
Matt den Dekker,Tigers,41,144,130,29,5,1,3,16,13,12,37,1,4,1,0.22,0.289,0.344,0.633,0.277,1.3,0.3,-0.1,11385
Chris Bostick,Pirates,44,178,164,38,7,2,3,18,17,10,47,2,4,3,0.233,0.283,0.358,0.642,0.277,-0.6,-0.4,-0.2,13718
Mike Ohlman,Blue Jays,32,121,111,26,5,0,3,12,12,8,36,0,0,0,0.231,0.285,0.353,0.637,0.277,-2.5,-0.1,-0.1,10347
Jarrod Saltalamacchia,Blue Jays,33,108,95,18,4,0,4,11,14,12,42,0,0,0,0.189,0.282,0.356,0.638,0.277,-1.9,-0.1,-0.1,5557
Teoscar Hernandez,Astros,43,179,164,37,8,1,4,21,17,12,53,1,7,3,0.224,0.279,0.363,0.642,0.277,0.9,-0.2,-0.1,13066
Ichiro Suzuki,Marlins,61,143,131,33,4,2,1,17,8,10,20,1,3,1,0.251,0.305,0.323,0.628,0.276,0.7,0,-0.1,1101
Zach Granite,Twins,43,189,173,44,6,2,1,20,14,11,24,1,11,4,0.254,0.302,0.326,0.628,0.276,0.9,0.4,0.1,15343
Ryan LaMarre,Athletics,28,101,92,21,4,0,3,10,9,6,28,2,3,1,0.223,0.281,0.352,0.633,0.276,0.8,0.1,0.1,10700
Jaycob Brugman,Athletics,48,206,188,43,8,2,4,19,19,16,51,1,2,2,0.227,0.288,0.345,0.633,0.275,-2.9,-0.6,-0.3,14936
Rey Fuentes,Diamondbacks,40,148,135,33,4,1,1,16,11,9,33,1,6,2,0.247,0.298,0.331,0.629,0.275,1.1,0.4,-0.1,10329
Danny Ortiz,Pirates,43,157,148,35,8,1,3,17,20,7,35,1,1,1,0.237,0.27,0.376,0.646,0.274,0.1,-0.3,-0.1,10317
Max Moroff,Pirates,47,186,162,33,7,2,3,19,16,20,54,1,3,3,0.205,0.297,0.318,0.615,0.274,0.4,-0.9,-0.2,14556
Lane Adams,Braves,48,171,156,35,7,1,4,18,15,11,50,2,9,2,0.223,0.281,0.347,0.628,0.274,1.9,1,0,10767
Austin Romine,Yankees,38,127,117,28,6,0,2,13,15,7,26,0,0,0,0.24,0.281,0.353,0.635,0.273,-1.2,-0.2,-0.1,5491
Travis Jankowski,Padres,41,144,129,30,4,1,1,18,7,13,33,1,9,3,0.235,0.306,0.304,0.611,0.273,3,0.6,0.1,13768
Christian Colon,Marlins,36,130,118,29,5,0,1,12,9,9,17,1,2,1,0.246,0.301,0.316,0.618,0.273,1.7,-0.1,0,11145
Roberto Perez,Indians,32,109,93,18,4,0,2,11,11,13,30,0,0,0,0.197,0.296,0.313,0.609,0.273,0.2,-0.1,0.1,2900
Christian Bethancourt,Padres,33,113,108,26,5,0,3,12,13,4,25,0,2,1,0.244,0.273,0.366,0.639,0.273,0.8,-0.2,0.2,10028
Cam Perkins,Phillies,42,159,149,36,7,1,3,17,16,7,30,2,2,1,0.24,0.278,0.355,0.633,0.272,-0.9,0.1,-0.4,13444
Andres Blanco,Phillies,42,104,94,21,5,0,2,10,8,7,20,1,1,1,0.224,0.288,0.334,0.622,0.272,-0.9,-0.2,-0.2,1907
Andrew Romine,Tigers,51,128,116,27,4,1,2,16,10,8,27,1,4,2,0.233,0.292,0.324,0.616,0.272,1.5,-0.3,0,1159
Darwin Barney,Blue Jays,50,155,143,35,5,0,2,15,12,9,24,1,2,1,0.245,0.291,0.331,0.622,0.271,1.7,-0.2,0,2430
J.J. Hardy,Orioles,54,207,194,46,10,0,4,19,20,10,36,1,0,0,0.239,0.277,0.351,0.628,0.271,1.7,-0.3,0.1,3797
Anthony Alford,Blue Jays,34,151,135,28,6,1,3,15,13,13,54,1,5,3,0.207,0.282,0.335,0.616,0.271,1,0.1,0,14329
Omar Narvaez,White Sox,37,136,123,31,4,0,1,13,8,11,19,0,0,0,0.248,0.311,0.294,0.604,0.271,-0.1,-0.1,0.1,13338
J.T. Riddle,Marlins,51,205,192,48,8,1,2,20,20,9,38,1,2,1,0.25,0.285,0.343,0.628,0.271,0.8,-0.3,-0.1,17642
Willy Garcia,White Sox,51,191,177,38,8,2,5,20,20,10,65,1,1,2,0.216,0.26,0.377,0.637,0.271,2.6,-0.8,-0.1,12956
Rafael Bautista,Nationals,39,167,154,39,4,1,1,17,11,9,31,2,13,3,0.251,0.297,0.314,0.611,0.27,-1,1.3,-0.2,15769
Alcides Escobar,Royals,72,297,280,71,13,2,3,29,25,9,43,2,6,2,0.253,0.28,0.344,0.624,0.269,0.8,0.7,0.1,6310
Allen Cordoba,Padres,36,128,118,28,4,1,1,14,10,8,19,1,5,2,0.235,0.287,0.325,0.612,0.269,-0.8,0.1,-0.3,15722
Taylor Featherston,Rays,41,144,132,29,6,1,3,16,14,8,41,2,2,1,0.22,0.269,0.356,0.625,0.269,0.8,0.1,0,12590
Aaron Hill,Giants,43,140,126,28,5,0,2,12,14,12,23,1,1,1,0.221,0.289,0.32,0.609,0.269,-0.8,-0.2,-0.3,6104
Christian Arroyo,Giants,45,193,181,44,10,1,2,17,17,9,38,1,1,1,0.243,0.28,0.344,0.624,0.268,0.9,-0.5,-0.1,16434
Ben Revere,Angels,52,191,180,47,5,2,1,22,11,7,18,1,9,2,0.26,0.29,0.324,0.614,0.268,-1.7,0.9,-0.4,4712
Ryder Jones,Giants,41,164,155,36,8,0,4,16,16,6,34,1,0,1,0.232,0.264,0.361,0.624,0.268,-1.5,-0.5,-0.3,15982
Mason Williams,Yankees,29,121,111,26,5,1,1,12,9,8,21,0,3,2,0.236,0.283,0.331,0.614,0.267,0,-0.1,-0.1,11859
Drew Stubbs,Giants,34,93,82,17,3,1,2,9,7,9,35,1,4,1,0.201,0.282,0.323,0.605,0.267,-0.1,0.3,-0.1,9328
Ramon Torres,Royals,44,186,173,43,7,1,1,17,13,8,29,1,5,3,0.25,0.284,0.324,0.609,0.266,0.6,-1,-0.3,14113
Adeiny Hechavarria,Rays,53,196,185,46,6,2,2,19,15,9,30,0,2,1,0.249,0.285,0.334,0.619,0.266,1.5,-0.2,0.2,10459
Drew Butera,Royals,26,63,58,13,2,1,1,6,5,3,14,0,0,0,0.223,0.269,0.343,0.613,0.265,-0.7,0.1,0,3411
Cliff Pennington,Angels,36,95,85,19,2,1,1,10,6,9,22,0,1,0,0.223,0.298,0.296,0.594,0.265,0.5,0.3,0,3395
Matt Reynolds,Mets,48,165,152,34,7,1,2,18,14,10,43,1,3,1,0.221,0.275,0.326,0.601,0.263,0.8,0,-0.2,13788
Magneuris Sierra,Cardinals,41,183,173,43,6,1,2,19,14,7,41,1,7,6,0.248,0.277,0.324,0.601,0.261,0.4,-0.4,-0.3,17023
Juan Graterol,Angels,24,78,74,19,3,0,1,7,7,2,11,1,0,0,0.253,0.276,0.325,0.601,0.261,0.3,0,0.1,5398
Tyler Wade,Yankees,47,202,184,40,6,1,3,21,13,15,48,1,7,3,0.22,0.281,0.309,0.59,0.261,0.5,0.1,-0.1,15730
Adam Engel,White Sox,45,199,179,37,6,2,3,23,14,14,61,2,11,4,0.209,0.276,0.315,0.59,0.261,1.8,0.8,-0.1,15082
Tyler Smith,Mariners,39,153,141,32,6,1,2,14,11,9,33,1,2,1,0.231,0.28,0.314,0.594,0.26,-0.8,0,-0.1,12490
JaCoby Jones,Tigers,41,163,150,30,5,1,4,16,15,10,59,2,4,2,0.204,0.261,0.338,0.599,0.26,1,-0.1,-0.2,14818
Alex Mejia,Cardinals,35,124,115,27,5,1,1,11,9,5,21,1,1,1,0.238,0.276,0.322,0.599,0.26,0.3,0,-0.1,13877
Chase d'Arnaud,Padres,44,147,136,31,6,2,2,16,10,8,30,2,7,2,0.225,0.275,0.324,0.599,0.26,-1.6,0.2,-0.4,6652
Franchy Cordero,Padres,50,213,198,43,6,3,4,22,18,11,67,2,5,4,0.218,0.264,0.343,0.606,0.26,0.7,-0.4,-0.4,14567
Eric Young,Angels,42,133,119,26,4,1,1,17,9,9,29,2,8,2,0.221,0.286,0.3,0.587,0.26,3,0.7,0.1,7158
Deven Marrero,Red Sox,48,177,163,37,7,0,2,19,15,11,47,1,4,1,0.226,0.276,0.314,0.591,0.259,2.2,0.1,-0.1,13325
Chris Stewart,Pirates,23,71,63,14,2,0,0,5,4,5,11,1,0,0,0.229,0.297,0.287,0.584,0.259,-0.2,-0.1,0,3878
Orlando Calixte,Giants,39,156,144,33,6,1,2,14,12,9,39,0,4,2,0.227,0.271,0.326,0.597,0.259,1.7,0.2,-0.3,11905
Ryan Goins,Blue Jays,58,188,172,38,8,1,3,16,18,11,41,0,1,1,0.22,0.268,0.325,0.593,0.258,0.2,-0.1,-0.2,9807
Stuart Turner,Reds,34,122,111,24,4,0,2,11,11,8,30,1,1,1,0.215,0.275,0.311,0.586,0.258,0.4,-0.2,-0.2,15207
Eric Fryer,Cardinals,29,81,72,15,3,0,0,8,6,8,18,1,1,1,0.212,0.293,0.276,0.568,0.258,0.6,-0.3,-0.1,8145
Danny Espinosa,Angels,56,198,176,34,6,0,6,21,20,14,67,5,3,2,0.191,0.268,0.327,0.595,0.257,1.2,-0.2,-0.1,9219
Jacob Stallings,Pirates,25,90,83,18,4,0,2,8,8,4,26,1,1,0,0.215,0.258,0.335,0.593,0.257,0.7,-0.7,0,13723
Kaleb Cowart,Angels,42,161,148,32,7,1,2,16,15,10,45,1,4,1,0.215,0.267,0.326,0.593,0.257,1.1,1.7,0.1,11494
Jose Lobaton,Nationals,23,74,66,13,2,0,1,6,6,6,17,0,0,0,0.2,0.273,0.311,0.584,0.256,-0.3,0.1,-0.1,4243
Adrian Sanchez,Nationals,37,124,117,28,5,1,1,11,9,5,20,1,2,1,0.242,0.276,0.311,0.588,0.256,1.7,-0.1,-0.2,11338
Jesus Sucre,Rays,24,79,74,18,3,0,1,7,8,2,14,0,0,0,0.239,0.263,0.326,0.589,0.254,1.5,-0.2,0.1,5942
Shane Robinson,Angels,27,65,59,13,2,0,0,7,5,5,10,0,1,1,0.223,0.283,0.284,0.567,0.253,1.4,0.3,0,4249
Gift Ngoepe,Pirates,40,139,124,24,5,1,3,14,12,11,52,1,2,1,0.191,0.263,0.313,0.576,0.253,1.7,-0.2,-0.2,10340
Luis Torrens,Padres,28,102,92,19,5,0,1,10,7,8,23,1,1,1,0.202,0.269,0.3,0.569,0.253,-0.1,-0.3,-0.2,15905
Carlos Perez,Angels,30,107,98,21,6,0,2,10,12,6,20,0,1,0,0.216,0.26,0.32,0.579,0.252,0.4,0.1,0,10642
Tuffy Gosewisch,Mariners,22,77,71,15,3,0,2,6,7,4,17,1,0,0,0.211,0.254,0.325,0.579,0.251,0.3,0,0,5277
Craig Gentry,Orioles,35,97,86,19,2,0,1,12,6,7,20,1,5,1,0.216,0.286,0.273,0.559,0.251,0.4,0.4,-0.2,9571
Mike Freeman,Dodgers,43,160,147,32,5,1,2,14,11,10,34,1,3,1,0.218,0.272,0.3,0.571,0.251,-0.3,0.4,-0.4,11241
Steve Lombardozzi,Marlins,30,109,101,24,4,0,0,9,6,5,15,0,2,1,0.24,0.278,0.283,0.561,0.247,-2.6,0.2,-0.6,5422
Emilio Bonifacio,Braves,30,75,69,16,2,1,0,8,6,4,17,0,3,1,0.227,0.269,0.29,0.559,0.246,-1.4,0,-0.4,4054
Luis Sardinas,Padres,49,169,157,37,5,1,0,16,12,8,30,1,4,2,0.235,0.273,0.288,0.561,0.246,-1.3,0.1,-0.6,13153
Nolan Fontana,Angels,33,130,112,20,5,1,1,12,8,14,41,1,2,2,0.181,0.276,0.262,0.537,0.246,0.3,-0.4,-0.2,13267
Michael Martinez,Rays,37,106,97,21,3,1,1,10,7,6,24,0,1,1,0.22,0.267,0.291,0.558,0.245,-0.6,-0.3,-0.4,7358
Pete Kozma,Rangers,46,132,120,25,5,0,1,14,8,9,28,2,2,1,0.205,0.267,0.272,0.54,0.241,2.2,-0.2,-0.3,2539
Jacob May,White Sox,33,131,122,26,4,0,1,13,9,6,35,1,6,3,0.216,0.258,0.289,0.547,0.241,1.6,0,-0.3,14876
Jeff Mathis,Diamondbacks,25,81,75,15,3,1,1,5,7,4,24,1,0,0,0.196,0.243,0.316,0.56,0.24,0.5,0,-0.2,3448
Yadiel Rivera,Brewers,40,143,134,29,4,2,1,13,11,5,37,2,2,2,0.214,0.249,0.301,0.55,0.239,1.4,-0.5,-0.4,11863
Luke Maile,Blue Jays,40,142,131,26,6,0,2,13,12,8,32,1,1,0,0.196,0.244,0.301,0.545,0.238,1.8,-0.1,-0.1,13355
Paul Janish,Orioles,34,109,100,22,3,0,0,8,6,7,18,1,0,1,0.218,0.272,0.256,0.528,0.238,1.2,-0.1,-0.2,7412
Terrance Gore,Royals,36,106,94,19,1,0,0,10,4,6,28,2,11,2,0.203,0.263,0.224,0.487,0.224,-0.6,1.5,-0.4,13658
Ian Parmley,Blue Jays,26,90,82,16,2,1,0,7,5,6,29,0,2,1,0.2,0.251,0.247,0.498,0.223,1.4,0.1,-0.4,13821
