Name,Team,G,PA,AB,H,2B,3B,HR,R,RBI,BB,SO,HBP,SB,CS,AVG,OBP,SLG,OPS,wOBA,Fld,BsR,WAR,ADP,playerid
Mike Trout,Angels,157,658,540,161,31,5,34,108,102,102,142,9,22,7,0.298,0.415,0.562,0.977,0.409,0.2,3.8,8.2,1.3,10155
Bryce Harper,Nationals,150,630,510,144,28,2,31,94,93,109,123,4,15,9,0.283,0.409,0.526,0.935,0.392,2.5,0.5,5.2,11,11579
Joey Votto,Reds,152,637,513,149,30,2,23,87,78,113,122,5,7,3,0.29,0.419,0.49,0.909,0.387,0.9,-1.4,4.1,23,4314
Miguel Cabrera,Tigers,158,665,579,177,33,1,31,91,104,76,118,4,1,0,0.306,0.386,0.53,0.917,0.384,0.2,-3.5,4.2,16.7,1744
Anthony Rizzo,Cubs,152,637,541,151,33,3,32,91,101,75,106,17,7,5,0.28,0.382,0.526,0.908,0.384,5.9,-0.8,4.6,12,3473
Paul Goldschmidt,Diamondbacks,157,658,544,157,34,2,27,92,93,103,144,4,20,7,0.288,0.402,0.509,0.911,0.383,4.1,1.6,4.4,6.8,9218
Josh Donaldson,Blue Jays,150,630,537,148,30,3,32,94,96,80,120,7,5,2,0.275,0.373,0.52,0.893,0.378,6.6,0.2,6,10.3,5038
Giancarlo Stanton,Marlins,133,560,482,126,24,2,36,79,96,70,162,4,4,2,0.261,0.357,0.546,0.903,0.376,1.8,-0.1,3.9,37.5,4949
Kris Bryant,Cubs,150,630,541,148,29,3,31,95,97,72,161,12,10,4,0.275,0.37,0.512,0.882,0.375,4.1,2.4,5.6,4.8,15429
Nolan Arenado,Rockies,157,658,597,174,38,5,37,90,110,50,99,4,3,3,0.291,0.346,0.554,0.899,0.373,9.6,-0.9,4.6,5.6,9777
Mookie Betts,Red Sox,147,616,558,172,37,5,22,89,86,49,71,2,22,7,0.308,0.364,0.51,0.873,0.371,11.4,3.7,5.3,3.9,13611
Freddie Freeman,Braves,158,665,565,157,34,3,27,92,90,87,152,9,4,2,0.278,0.38,0.494,0.874,0.37,3.1,-0.1,3.8,29.1,5361
Jose Bautista,Blue Jays,142,595,494,124,25,1,31,83,93,90,112,5,4,2,0.25,0.369,0.492,0.861,0.368,-3.9,-1.3,3,89.8,1887
Manny Machado,Orioles,150,630,569,166,32,1,32,90,91,52,104,3,7,4,0.291,0.352,0.52,0.872,0.367,12.1,-0.3,5.9,8.6,11493
Edwin Encarnacion,Indians,150,630,542,140,28,1,34,85,105,76,115,6,2,1,0.259,0.353,0.5,0.853,0.362,0,-0.9,2.6,24.3,2151
Andrew McCutchen,Pirates,158,665,570,160,31,4,24,87,87,81,133,8,10,6,0.28,0.375,0.474,0.848,0.362,-0.4,0,3.9,58,9847
Carlos Gonzalez,Rockies,150,630,574,163,34,3,31,82,98,50,140,2,6,2,0.285,0.342,0.517,0.859,0.361,-0.6,0.2,1.9,56.6,7287
Kyle Schwarber,Cubs,130,544,470,119,19,3,30,84,83,63,147,5,5,3,0.254,0.345,0.497,0.842,0.358,-3.7,0.5,2.5,74,16478
Carlos Correa,Astros,153,644,566,158,35,3,24,83,98,68,123,4,17,6,0.279,0.358,0.479,0.837,0.357,-1.2,1.7,5.1,17.1,14162
J.D. Martinez,Tigers,135,567,511,143,30,2,27,74,82,45,147,5,3,2,0.279,0.341,0.505,0.845,0.357,-6.2,-1.2,2.2,119.3,6184
Carlos Santana,Indians,158,665,553,139,29,2,27,86,86,103,116,3,6,3,0.251,0.368,0.458,0.826,0.357,0,-1,2.8,105.6,2396
Hanley Ramirez,Red Sox,142,595,528,148,31,1,24,74,93,56,112,6,9,4,0.281,0.355,0.479,0.834,0.356,-0.8,-0.8,1.9,77.2,8001
Jose Altuve,Astros,153,644,586,185,36,4,16,89,75,43,61,6,31,10,0.316,0.366,0.469,0.835,0.355,-2.9,0.6,4.3,5.1,5417
Nelson Cruz,Mariners,150,630,565,150,25,1,37,83,100,53,158,6,3,2,0.266,0.334,0.508,0.842,0.354,-0.1,-2.4,2.4,38.8,2434
Charlie Blackmon,Rockies,147,616,558,163,30,5,22,83,65,39,99,11,23,10,0.293,0.349,0.481,0.829,0.353,-5.7,1.2,2,18.1,7859
Eric Thames,Brewers,136,570,504,130,27,3,30,79,87,52,149,8,13,5,0.259,0.335,0.503,0.838,0.353,-2.4,0.1,1.8,193.9,3711
Steve Pearce,Blue Jays,120,504,446,118,26,2,23,63,69,47,102,6,3,3,0.265,0.342,0.483,0.825,0.352,0.4,-0.6,2.3,358.6,9957
Matt Carpenter,Cardinals,150,630,533,142,35,4,18,87,69,83,126,6,3,3,0.265,0.368,0.448,0.816,0.352,2.7,-0.3,2.7,61.7,8090
Jose Abreu,White Sox,150,630,569,162,30,2,27,77,93,44,122,12,1,1,0.285,0.346,0.487,0.833,0.352,-3,-1.6,2.1,54.9,15676
Daniel Murphy,Nationals,147,616,569,176,41,4,16,81,85,36,64,5,8,3,0.31,0.353,0.48,0.834,0.352,-8.4,0.8,2.8,41.9,4316
Buster Posey,Giants,135,569,506,150,29,2,16,70,77,54,60,3,3,2,0.297,0.365,0.458,0.823,0.351,6.3,-1.6,4.8,44.9,9166
Yasiel Puig,Dodgers,126,531,476,133,25,4,19,67,71,44,107,7,7,5,0.279,0.347,0.472,0.82,0.351,1.8,-0.5,2.8,212.8,14225
George Springer,Astros,150,630,540,138,24,3,27,93,78,74,163,10,13,6,0.255,0.353,0.461,0.814,0.351,-0.1,1,4.1,34.6,12856
Christian Yelich,Marlins,150,630,554,159,34,3,16,81,71,68,129,3,13,5,0.287,0.366,0.445,0.811,0.35,1.1,1.3,4,58.9,11477
Ryan Braun,Brewers,143,600,541,152,27,3,25,79,88,50,113,5,14,6,0.281,0.345,0.484,0.829,0.35,-2.7,-0.9,2.1,50,3410
Chris Davis,Orioles,148,623,536,126,23,0,38,87,99,75,206,7,2,2,0.235,0.334,0.492,0.826,0.35,3,0.4,2.7,71.9,9272
Brandon Belt,Giants,143,602,516,136,33,5,18,74,70,77,146,5,4,3,0.263,0.361,0.449,0.81,0.349,5.8,-0.6,3,164.5,10264
Trevor Story,Rockies,150,630,566,148,33,6,29,79,91,51,179,6,16,6,0.261,0.327,0.495,0.821,0.347,-1.7,1.3,2.5,34.4,12564
Pedro Alvarez,Orioles,35,147,131,32,6,0,9,19,23,14,41,1,1,0,0.247,0.322,0.502,0.824,0.346,0,0,0.4,625.3,2495
Shin-Soo Choo,Rangers,137,574,487,126,24,1,18,75,60,69,135,13,8,5,0.26,0.364,0.428,0.791,0.345,-0.2,-0.5,1.4,308.7,3174
Justin Upton,Tigers,152,637,564,146,29,2,30,84,93,62,168,5,11,5,0.259,0.335,0.474,0.809,0.345,-2.6,1.1,2.5,90.4,5222
Justin Turner,Dodgers,133,560,501,139,31,2,18,69,75,43,98,9,4,2,0.278,0.344,0.46,0.803,0.345,4.5,-0.4,3.7,105.5,5235
Adrian Beltre,Rangers,150,630,576,165,30,2,23,79,92,45,71,5,1,1,0.287,0.341,0.468,0.809,0.344,7.5,-0.9,4,111.6,639
Robinson Cano,Mariners,150,630,575,165,30,2,23,80,88,45,90,6,3,2,0.288,0.343,0.469,0.812,0.344,-0.9,-2.1,3.6,32.3,3269
Gary Sanchez,Yankees,124,521,473,124,24,1,27,69,83,39,112,4,5,2,0.262,0.321,0.491,0.811,0.344,0.1,0.1,3.3,50.3,11442
Lucas Duda,Mets,129,540,462,112,23,0,26,68,80,64,132,9,2,1,0.242,0.343,0.464,0.807,0.344,0.7,-0.2,2,315.2,2502
Hyun Soo Kim,Orioles,100,420,372,107,17,1,12,50,41,40,62,4,4,3,0.288,0.361,0.431,0.792,0.343,-5.4,-0.4,1.1,446.8,18718
Michael Brantley,Indians,130,546,489,142,33,1,13,67,78,48,54,4,12,3,0.292,0.356,0.442,0.798,0.342,-1.7,1.5,2.1,182.1,4106
Corey Seager,Dodgers,152,637,582,164,37,4,22,85,86,44,110,5,4,2,0.282,0.335,0.471,0.806,0.342,2.8,1.1,4.5,22.6,13624
Ian Desmond,Rockies,117,491,448,126,23,2,18,64,71,35,120,4,14,5,0.28,0.335,0.465,0.8,0.342,5.4,1.3,1.2,143.7,6885
Anthony Rendon,Nationals,145,609,537,146,34,3,18,81,73,59,109,6,10,5,0.273,0.348,0.447,0.795,0.342,5.7,0.6,3.7,97.4,12861
Kyle Seager,Mariners,153,644,573,152,31,2,26,81,89,60,106,7,5,3,0.266,0.34,0.463,0.803,0.342,2.5,-0.8,4,62.1,9785
Jung Ho Kang,Pirates,3,14,12,3,1,0,1,2,2,1,3,0,0,0,0.26,0.337,0.458,0.795,0.342,-0.1,0,0.1,269.3,17182
Joc Pederson,Dodgers,133,560,470,110,21,1,26,71,72,79,158,5,9,5,0.233,0.347,0.445,0.793,0.342,0,0,3.2,199.7,11899
Matt Holliday,Yankees,117,490,430,111,22,1,20,57,73,47,94,9,2,1,0.258,0.341,0.456,0.797,0.342,0,-1.4,1.2,259.8,1873
Ben Zobrist,Cubs,147,616,529,142,32,3,15,81,67,76,81,3,6,4,0.268,0.361,0.428,0.789,0.341,-1.8,-0.7,2.6,140.9,7435
Miguel Sano,Twins,133,560,488,116,25,2,29,71,81,65,188,3,3,1,0.238,0.329,0.472,0.801,0.341,-2.9,-0.9,2.5,120.2,12164
A.J. Pollock,Diamondbacks,142,595,539,153,33,5,16,81,59,46,87,3,24,8,0.284,0.342,0.451,0.793,0.341,6.2,1.9,3.4,40.6,9256
Xander Bogaerts,Red Sox,150,630,572,167,33,2,16,81,77,46,106,5,9,4,0.292,0.348,0.44,0.788,0.34,-2.3,1.4,3.4,36,12161
Kendrys Morales,Blue Jays,142,595,537,143,29,1,26,71,94,47,120,6,0,0,0.266,0.33,0.469,0.799,0.34,0,-3.1,1.1,151.8,8610
Mark Trumbo,Orioles,133,560,512,131,23,2,32,74,92,42,140,2,2,1,0.255,0.312,0.492,0.805,0.34,-1.2,-1,1.3,78.2,6876
Francisco Lindor,Indians,150,630,564,166,29,4,15,79,74,50,85,3,17,7,0.294,0.35,0.442,0.792,0.34,12.5,-0.1,5.1,31.8,12916
Yoenis Cespedes,Mets,133,560,511,135,27,3,27,74,85,39,119,5,4,3,0.265,0.32,0.49,0.81,0.34,5.4,0.5,2.9,51.5,13110
DJ LeMahieu,Rockies,153,644,577,175,28,6,9,80,60,54,98,3,16,7,0.304,0.364,0.42,0.784,0.34,2.3,0.1,2,92.4,9874
Rougned Odor,Rangers,150,630,588,162,31,6,28,83,91,26,113,8,12,8,0.275,0.313,0.491,0.803,0.339,-6.2,0.6,2.5,46,12282
Brian Dozier,Twins,150,630,555,139,30,3,28,88,78,61,126,7,13,5,0.251,0.33,0.467,0.797,0.339,-1.3,1.9,3.3,33.9,9810
David Dahl,Rockies,113,476,439,122,23,4,17,56,61,31,119,2,14,7,0.278,0.327,0.469,0.796,0.339,3.1,0.6,1,131.6,13744
Gregory Bird,Yankees,108,455,402,100,22,1,21,58,66,44,114,4,2,1,0.249,0.326,0.469,0.796,0.339,-0.5,-0.1,1.3,194.6,14131
Yasmani Grandal,Dodgers,107,448,379,88,16,1,20,52,63,62,112,2,2,1,0.233,0.343,0.441,0.784,0.339,-1,-1.7,2.9,157.6,11368
Chris Carter,Yankees,75,315,272,60,12,1,19,41,50,36,103,3,2,1,0.221,0.317,0.483,0.8,0.339,-1.1,-0.5,0.7,260.7,9911
Mark Reynolds,Rockies,54,225,198,50,10,1,10,26,29,23,59,2,1,1,0.252,0.334,0.457,0.791,0.339,0.1,-0.5,0.1,625.7,7619
David Peralta,Diamondbacks,133,560,509,142,27,9,16,64,67,40,113,5,7,3,0.279,0.335,0.461,0.796,0.339,-1.8,0.5,1.5,263.8,2136
Trea Turner,Nationals,142,595,546,159,27,9,14,80,64,40,122,2,36,11,0.291,0.339,0.452,0.791,0.339,1.3,3.2,3.7,16.3,16252
Seth Smith,Orioles,105,441,383,98,21,2,15,58,56,48,90,5,1,0,0.256,0.345,0.44,0.785,0.339,-0.8,-0.7,1.3,513.6,7331
Domingo Santana,Brewers,128,539,469,116,23,2,22,66,69,61,166,5,5,4,0.248,0.338,0.445,0.783,0.338,-4.8,0,1.1,273.5,10348
Wil Myers,Padres,142,595,527,136,26,3,24,80,78,60,141,3,19,7,0.258,0.335,0.453,0.787,0.338,5.7,1.7,2.6,54.3,10047
Jonathan Lucroy,Rangers,122,512,460,128,26,3,14,60,64,46,80,2,3,1,0.277,0.345,0.439,0.784,0.337,2.8,-1.4,3.4,63.5,7870
Adam Eaton,Nationals,142,595,529,152,27,8,9,80,53,49,95,10,13,7,0.287,0.357,0.416,0.773,0.337,-3.8,1.4,2.5,121.4,11205
Starling Marte,Pirates,133,560,512,146,30,4,14,72,61,28,118,15,34,13,0.285,0.339,0.442,0.781,0.336,2.4,2.3,3.2,29.2,9241
Eric Hosmer,Royals,153,644,581,161,31,2,20,78,88,55,118,3,6,3,0.277,0.34,0.443,0.783,0.335,-1.1,-0.9,1.4,102.6,3516
Andrew Benintendi,Red Sox,133,560,506,142,33,7,12,68,68,43,81,4,14,8,0.28,0.339,0.443,0.782,0.335,2.3,-0.4,1.9,108.3,17901
Michael Conforto,Mets,67,280,249,64,14,1,11,35,38,25,60,3,2,1,0.255,0.327,0.458,0.785,0.335,0.9,0.1,1.3,303.6,16376
Evan Longoria,Rays,150,630,573,152,32,3,27,76,85,46,134,4,2,2,0.265,0.321,0.473,0.794,0.334,2.2,-0.6,3.5,96.5,9368
Mike Napoli,Rangers,132,553,474,111,20,1,25,66,75,70,156,4,3,2,0.234,0.336,0.439,0.775,0.334,1.8,-1.9,1.2,215.8,3057
Dexter Fowler,Cardinals,142,595,505,130,25,6,12,79,48,76,129,7,13,6,0.257,0.36,0.4,0.759,0.334,-7.6,1.5,2.1,160,4062
Maikel Franco,Phillies,147,616,565,153,31,2,25,77,91,41,102,5,2,1,0.271,0.323,0.467,0.79,0.334,-3.8,-0.1,2.4,131.7,12179
Hunter Pence,Giants,142,595,540,146,28,3,20,75,79,48,123,3,5,2,0.271,0.331,0.446,0.778,0.334,0.9,0.1,2.2,198.1,8252
Tommy Joseph,Phillies,142,595,549,143,27,0,31,77,90,31,119,7,2,2,0.261,0.305,0.482,0.788,0.334,-2.1,-0.8,1.1,214.2,10349
Josh Bell,Pirates,117,490,431,119,22,4,12,58,57,50,72,3,4,4,0.275,0.351,0.425,0.776,0.333,-2.4,-0.9,1.1,260.3,13145
Dustin Pedroia,Red Sox,133,560,503,146,29,1,10,69,55,49,64,2,6,4,0.29,0.352,0.412,0.764,0.333,7.2,-1.4,3,130.7,8370
Jackie Bradley Jr.,Red Sox,133,560,495,128,30,5,17,69,70,52,132,7,7,3,0.258,0.335,0.441,0.776,0.333,5.2,0.6,3,127.2,12984
Josh Reddick,Astros,112,469,424,113,20,3,17,58,60,41,69,1,6,3,0.267,0.331,0.448,0.778,0.333,2.7,1,2.1,303.2,3892
Stephen Piscotty,Cardinals,142,595,536,145,33,3,17,70,74,47,113,7,7,5,0.271,0.335,0.436,0.771,0.333,3,-1.4,2,122.1,13367
Brandon Guyer,Indians,28,119,104,28,6,1,2,14,12,7,20,6,2,1,0.269,0.349,0.408,0.757,0.333,0,0,0.4,749.1,2636
Aledmys Diaz,Cardinals,142,595,537,148,33,3,17,75,70,42,93,7,8,5,0.275,0.333,0.446,0.78,0.333,-5.1,-0.9,2.5,137.4,15937
Alex Bregman,Astros,145,609,551,147,30,5,20,81,79,48,91,5,9,5,0.266,0.329,0.447,0.776,0.333,1.2,0,3.2,82.1,17678
Khris Davis,Athletics,145,609,550,135,27,2,31,79,92,46,156,7,4,2,0.245,0.309,0.472,0.781,0.332,-2.3,-1,1.8,96.9,9112
Albert Pujols,Angels,145,609,557,147,23,0,29,75,103,44,74,4,3,1,0.264,0.32,0.464,0.784,0.331,0,-3.4,1.1,134,1177
Willson Contreras,Cubs,117,490,439,117,23,3,14,56,60,40,96,6,5,4,0.267,0.336,0.429,0.765,0.331,-0.8,-0.7,2.5,100.1,11609
Neil Walker,Mets,137,574,513,134,23,2,22,69,72,48,105,6,3,2,0.262,0.331,0.442,0.773,0.331,-2.2,0.1,2.4,235.8,7539
Jason Kipnis,Indians,108,455,403,109,25,3,11,57,49,42,89,4,11,4,0.27,0.341,0.425,0.766,0.331,-0.6,1.1,2.1,152.1,9776
John Jaso,Pirates,104,435,381,100,23,2,9,48,45,45,77,5,3,2,0.263,0.348,0.408,0.756,0.331,-1.3,-1.9,0.9,745,5887
Jake Lamb,Diamondbacks,142,595,527,132,28,6,21,70,75,59,157,4,5,2,0.25,0.327,0.448,0.775,0.33,-2.1,1,2,141.6,13329
Justin Bour,Marlins,117,490,438,116,21,1,19,54,67,47,92,2,1,0,0.264,0.336,0.444,0.78,0.33,-0.9,-1,0.8,298.9,9744
Byung-ho Park,Twins,83,350,312,76,13,1,17,44,46,29,105,5,2,1,0.243,0.316,0.458,0.774,0.33,0.4,0.1,0.7,481.5,18497
Michael Saunders,Blue Jays,127,535,466,114,24,3,19,64,62,60,139,3,3,3,0.245,0.332,0.434,0.766,0.33,-1.5,0.3,1.4,351.5,9981
Troy Tulowitzki,Blue Jays,133,560,501,130,25,0,22,66,76,48,113,6,1,0,0.259,0.328,0.441,0.769,0.33,2.9,-1,3.1,136.2,3531
Carlos Beltran,Astros,140,588,542,146,32,0,23,69,84,38,106,3,1,0,0.27,0.319,0.456,0.775,0.33,-0.1,-1.8,1,208,589
Adam Lind,Nationals,68,285,257,69,14,1,9,33,39,25,51,1,0,0,0.269,0.335,0.436,0.771,0.329,-0.7,-1,0.5,608.3,8027
Aaron Judge,Yankees,100,420,373,89,16,1,21,54,61,38,132,4,4,2,0.238,0.312,0.46,0.772,0.329,1,0.2,1.4,285.7,15640
Mike Moustakas,Royals,140,588,532,139,30,2,22,67,69,42,84,7,2,2,0.261,0.321,0.448,0.769,0.329,2.3,-1.1,2.6,208.3,4892
Jose Ramirez,Indians,150,630,570,163,37,3,11,76,67,47,64,3,23,10,0.286,0.341,0.42,0.761,0.329,4.2,2.2,3.4,110.8,13510
Kole Calhoun,Angels,153,644,578,152,30,4,21,84,77,54,129,5,4,2,0.262,0.328,0.433,0.761,0.329,4.9,0.8,2.9,167.5,11200
Marcell Ozuna,Marlins,148,623,571,154,29,4,21,74,80,44,132,3,3,2,0.269,0.322,0.447,0.769,0.329,1.4,0.2,1.9,177.9,10324
Logan Forsythe,Dodgers,138,581,519,136,27,3,18,73,62,47,114,9,8,5,0.262,0.332,0.428,0.76,0.329,-1.4,-0.6,2.5,209.4,7185
Devon Travis,Blue Jays,100,420,388,108,24,1,12,53,49,25,78,2,5,2,0.279,0.324,0.441,0.765,0.328,0,0.6,1.9,214.5,13862
Adrian Gonzalez,Dodgers,142,595,534,142,28,0,21,68,87,52,110,4,1,1,0.266,0.333,0.439,0.772,0.328,3.6,-2.3,1.5,158.1,1908
Evan Gattis,Astros,78,329,301,75,13,2,18,40,51,21,75,3,1,1,0.248,0.303,0.479,0.782,0.328,-1.5,-0.6,1.4,160.9,11003
Curtis Granderson,Mets,142,595,513,121,24,3,23,79,63,69,129,7,6,3,0.237,0.333,0.428,0.761,0.328,-8.1,0.6,1.7,234.9,4747
Jesse Winker,Reds,7,28,24,7,1,0,1,3,3,3,5,0,0,0,0.268,0.352,0.403,0.754,0.327,0.1,0,0.1,599.3,13590
Nomar Mazara,Rangers,142,595,539,146,18,4,21,66,73,43,114,6,1,2,0.27,0.327,0.434,0.761,0.327,1.6,-0.9,1.5,198.8,14553
Yasmany Tomas,Diamondbacks,112,470,441,118,24,2,20,53,63,24,111,2,3,3,0.268,0.308,0.462,0.77,0.327,-7.6,-1.4,-0.1,185,17171
Kennys Vargas,Twins,58,245,216,52,10,0,10,30,31,26,67,2,0,0,0.242,0.325,0.436,0.761,0.327,-0.1,-0.2,0.3,506.1,12101
Yulieski Gurriel,Astros,132,553,500,132,32,1,19,69,73,40,98,6,4,2,0.265,0.325,0.445,0.77,0.326,2.3,-0.5,1.6,274.5,19198
Matt Kemp,Braves,150,630,578,153,34,2,24,76,91,42,148,3,5,2,0.266,0.315,0.455,0.77,0.326,-13.1,-0.8,0.1,94.2,5631
Nick Castellanos,Tigers,125,525,480,128,27,4,17,56,66,36,125,3,2,2,0.267,0.318,0.446,0.764,0.326,-8.5,-1.5,1.2,185.5,11737
Derek Dietrich,Marlins,112,469,410,103,21,5,13,55,50,33,105,21,2,1,0.25,0.335,0.416,0.751,0.326,-1.1,0,1.2,620.5,10542
Max Kepler,Twins,158,665,591,152,31,8,19,78,84,62,121,4,10,5,0.256,0.328,0.433,0.761,0.326,2.5,1.2,2.1,229.8,12144
Matt Joyce,Athletics,120,504,421,98,21,2,15,59,56,73,117,5,3,3,0.234,0.349,0.396,0.745,0.326,-5,-0.4,1.1,590,3353
Victor Martinez,Tigers,143,602,546,149,24,0,21,65,85,45,84,6,0,0,0.272,0.332,0.433,0.764,0.325,0,-4.4,0.3,219.1,393
Billy Butler,,92,385,345,93,18,0,10,40,48,33,68,3,0,0,0.271,0.336,0.416,0.753,0.325,0,-2.5,0.1,864.6,7399
Melky Cabrera,White Sox,148,623,571,163,33,3,13,70,72,43,73,2,3,1,0.285,0.334,0.421,0.755,0.325,-5.7,-1.4,0.8,229.9,4022
Adam Jones,Orioles,142,595,555,149,24,2,26,76,81,27,109,7,4,1,0.269,0.308,0.456,0.764,0.325,-3.1,1.1,2.1,99.3,6368
Jason Heyward,Cubs,138,581,513,135,28,2,13,68,62,58,92,5,14,5,0.262,0.341,0.402,0.743,0.324,13.8,1.8,2.9,268.2,4940
Chris Young,Red Sox,105,441,393,97,26,1,15,53,53,39,96,5,6,3,0.246,0.319,0.435,0.754,0.324,0,0,0.8,797.1,3882
Brad Miller,Rays,125,525,471,118,22,4,19,63,65,45,120,3,7,4,0.249,0.317,0.437,0.754,0.324,0.1,0.3,2.2,149.1,12775
C.J. Cron,Angels,92,385,357,95,19,1,15,44,54,19,75,5,2,2,0.266,0.309,0.451,0.76,0.324,-0.5,-0.7,0.8,255.4,12546
Ryan Schimpf,Padres,133,560,490,109,26,3,26,68,73,57,155,8,2,2,0.221,0.311,0.45,0.76,0.324,-6.5,0.4,1.6,279.5,9953
Todd Frazier,White Sox,153,644,577,139,27,1,30,81,88,55,147,6,13,7,0.241,0.31,0.447,0.757,0.323,1,0.2,2.6,74,785
Randal Grichuk,Cardinals,137,574,532,132,31,5,25,70,78,32,154,5,6,4,0.249,0.296,0.467,0.763,0.323,1,0.2,1.5,220.3,10243
Trey Mancini,Orioles,103,434,399,107,19,3,14,50,54,28,104,3,2,2,0.267,0.318,0.436,0.754,0.323,1.4,-0.1,1,646.1,15149
Ian Kinsler,Tigers,148,623,571,155,29,4,17,83,71,38,90,7,10,6,0.272,0.323,0.425,0.748,0.323,5.2,0.5,3,72.8,6195
Joey Gallo,Rangers,27,112,97,21,4,1,6,14,16,13,42,1,1,0,0.213,0.309,0.45,0.759,0.323,0,0.1,0.2,453.7,14128
Gregory Polanco,Pirates,142,595,535,140,30,4,17,76,71,53,114,1,19,9,0.262,0.328,0.426,0.754,0.323,4.8,1.1,2.2,74.7,12907
Matt Adams,Braves,70,295,272,71,16,1,11,32,42,19,67,2,1,1,0.261,0.311,0.448,0.759,0.322,0.6,-0.4,0.7,542.6,9393
Yangervis Solarte,Padres,125,525,476,128,26,3,13,58,62,38,65,5,1,1,0.269,0.327,0.419,0.746,0.322,-2.8,-0.8,1.7,248.5,5352
Jorge Soler,Royals,100,420,372,92,20,1,14,49,52,40,113,3,2,1,0.249,0.324,0.426,0.75,0.322,-2.3,0.1,0.5,280.4,14221
Alex Dickerson,Padres,85,355,323,85,19,3,10,42,44,24,67,4,3,1,0.264,0.322,0.436,0.758,0.322,-1.4,0,0.7,414.5,12649
Joe Mauer,Twins,117,490,426,114,22,2,9,56,49,58,86,1,2,1,0.268,0.355,0.39,0.745,0.322,1.3,-0.5,0.8,348.8,1857
Brandon Moss,Royals,148,623,550,127,26,3,29,73,82,58,181,8,2,1,0.231,0.311,0.446,0.757,0.322,-0.6,0,0.6,319.6,4467
Odubel Herrera,Phillies,142,595,536,148,25,4,11,72,50,46,127,6,19,8,0.277,0.34,0.402,0.742,0.322,3.2,0.9,2.5,140.1,11476
Russell Martin,Blue Jays,115,483,414,95,18,0,18,55,65,55,122,9,3,3,0.231,0.331,0.406,0.737,0.322,2.5,-1.7,2.5,180.4,4616
Scott Schebler,Reds,130,545,495,124,20,7,21,65,73,35,130,11,7,3,0.251,0.313,0.445,0.757,0.322,0,0.7,1.1,419.4,12225
Dan Vogelbach,Mariners,75,315,274,66,12,1,11,37,37,37,71,2,1,1,0.243,0.334,0.408,0.742,0.321,-0.3,-0.1,0.6,415.1,14130
Harold Ramirez,,2,7,6,2,0,0,0,1,1,1,2,0,0,0,0.256,0.325,0.425,0.75,0.321,0,0,0,999,sa550711
Francisco Mejia,,3,13,11,3,1,0,0,1,1,1,3,0,0,0,0.256,0.325,0.425,0.75,0.321,0,0,0.1,999,sa455980
Nick Williams,,8,35,31,8,1,0,1,4,4,3,8,0,1,0,0.256,0.325,0.425,0.75,0.321,0,0,0.1,999,sa829392
Lorenzo Cain,Royals,130,546,500,141,28,3,10,65,61,35,104,6,18,6,0.283,0.334,0.412,0.746,0.321,8.2,1.4,2.9,128.6,9077
Jedd Gyorko,Cardinals,114,480,436,108,18,1,22,54,67,37,104,3,1,1,0.248,0.309,0.442,0.751,0.321,0.4,-0.5,1.7,237.6,10816
Franklin Gutierrez,Dodgers,60,250,226,55,11,0,11,30,35,19,70,3,1,1,0.243,0.308,0.441,0.749,0.321,-1.5,-0.3,0.5,845.7,3255
Adam Duvall,Reds,140,590,541,129,26,4,30,73,89,37,154,6,5,3,0.239,0.293,0.465,0.758,0.321,2.8,0.5,1.3,149.5,10950
Tom Murphy,Rockies,30,128,119,30,6,1,5,15,19,7,37,1,1,1,0.252,0.3,0.454,0.754,0.32,-0.7,0,0.3,323.5,13499
Francisco Cervelli,Pirates,91,384,332,89,15,2,4,39,34,42,72,6,3,2,0.268,0.359,0.359,0.718,0.32,-2.1,-0.4,1.8,278,5275
Jonathan Villar,Brewers,133,560,493,126,25,3,14,72,51,55,146,3,43,14,0.256,0.333,0.403,0.736,0.32,-6.1,2.6,1.3,31,10071
Brett Gardner,Yankees,117,490,427,110,20,4,10,63,44,50,95,5,12,4,0.256,0.338,0.39,0.728,0.32,2.7,1.8,1.5,270.1,9927
A.J. Reed,Astros,17,70,62,15,3,0,3,9,9,7,19,0,0,0,0.241,0.318,0.426,0.744,0.32,-0.1,0,0.1,448.7,16246
Alex Gordon,Royals,142,595,519,127,25,2,17,67,60,61,146,11,7,3,0.245,0.334,0.401,0.735,0.319,8.8,0.9,2.1,312,5209
Rowdy Tellez,,33,140,126,32,7,0,5,16,18,11,33,1,1,1,0.251,0.313,0.433,0.747,0.319,-0.3,-0.1,0.1,999,sa738437
Tyler White,Astros,8,35,31,8,2,0,1,4,4,3,7,0,0,0,0.248,0.322,0.414,0.736,0.319,-0.1,0,0,875.2,15564
Jonathan Schoop,Orioles,133,560,528,139,28,1,23,66,73,20,121,7,2,1,0.263,0.297,0.451,0.748,0.319,0.5,-0.6,1.9,159.6,11265
Ryon Healy,Athletics,147,616,577,156,34,2,20,71,76,31,125,3,1,1,0.27,0.308,0.439,0.747,0.319,-2,-0.4,0.9,202.6,15447
Oswaldo Arcia,Padres,20,85,77,18,4,1,4,9,12,6,26,1,0,0,0.237,0.299,0.452,0.751,0.319,-0.8,-0.1,0,890.9,10306
Stephen Cardullo,,26,110,101,27,5,1,3,11,13,7,19,1,1,1,0.265,0.316,0.426,0.742,0.318,0,-0.2,0,852.8,11204
Corey Dickerson,Rays,132,553,510,128,31,3,22,62,68,36,137,2,3,3,0.251,0.302,0.452,0.754,0.318,0.1,-0.6,0.6,261.2,10762
Kevin Kiermaier,Rays,142,595,540,140,27,7,15,73,57,43,111,6,21,8,0.259,0.319,0.42,0.739,0.318,17.8,2.2,4.4,195.1,11038
Jayson Werth,Nationals,125,525,459,112,24,0,16,64,60,56,122,4,4,2,0.244,0.328,0.4,0.728,0.318,-6.7,0.3,0.1,336.6,1327
Addison Russell,Cubs,150,630,561,139,30,3,20,71,86,54,142,8,6,3,0.248,0.32,0.42,0.741,0.318,9.9,0.4,3.5,116.6,14106
Joe Panik,Giants,143,602,539,147,27,5,9,71,60,51,61,5,4,2,0.273,0.338,0.394,0.732,0.318,3.7,0.6,2.7,292.3,11936
Danny Valencia,Mariners,107,448,412,107,21,1,15,53,55,30,101,2,1,1,0.261,0.314,0.426,0.74,0.318,-3.4,-1.2,0.4,312.7,6364
Scott Van Slyke,Dodgers,29,121,107,26,6,0,4,13,14,11,30,2,2,1,0.245,0.325,0.407,0.733,0.317,0.3,-0.3,0.3,722.4,4365
Carlos Gomez,Rangers,142,595,537,136,29,2,18,74,70,41,148,11,22,9,0.254,0.318,0.416,0.734,0.317,3.4,1.3,2.3,163.4,4881
Raimel Tapia,Rockies,7,28,26,8,1,0,0,3,3,1,4,0,1,1,0.294,0.323,0.418,0.741,0.317,0.2,-0.1,0,575.4,14350
Travis Shaw,Brewers,122,512,462,113,23,2,20,55,62,42,118,3,4,2,0.245,0.311,0.432,0.743,0.317,0.2,-0.2,1.3,303.8,11982
Logan Morrison,Rays,108,455,404,99,19,2,15,52,52,42,84,5,5,3,0.245,0.321,0.413,0.734,0.317,-1.6,-0.7,0.5,682.5,9205
Martin Prado,Marlins,133,560,512,145,27,3,8,61,57,37,65,4,2,2,0.283,0.334,0.396,0.731,0.316,2.7,-1.4,1.9,312.1,3312
Robbie Grossman,Twins,125,525,456,114,21,1,11,59,51,61,127,3,8,6,0.25,0.341,0.378,0.718,0.316,-2,-0.4,0.3,690,5254
Marcus Semien,Athletics,153,644,581,143,28,4,22,76,74,55,140,3,10,4,0.247,0.313,0.42,0.734,0.316,-8.2,0.2,2.2,210.9,12533
Pablo Sandoval,Red Sox,125,525,481,129,26,2,14,54,64,33,79,5,1,1,0.268,0.319,0.417,0.736,0.316,-5.4,-1.7,0.7,313.2,5409
Tommy Pham,Cardinals,32,133,119,29,5,1,4,16,14,12,36,1,3,1,0.248,0.322,0.407,0.729,0.316,-0.6,0.2,0.2,845.3,2967
David Freese,Pirates,123,518,463,119,24,0,13,56,59,42,130,9,1,1,0.256,0.329,0.395,0.723,0.316,-2.8,-1.9,1.1,537.2,9549
Luis Valbuena,Angels,113,476,414,96,20,1,16,53,54,54,108,3,2,1,0.232,0.324,0.403,0.727,0.316,-0.8,-0.6,0.9,601.2,4969
David Wright,Mets,40,170,150,37,7,0,4,19,18,18,42,1,2,1,0.249,0.332,0.391,0.723,0.316,-0.8,-0.2,0.5,606.5,3787
Cody Bellinger,Dodgers,8,35,31,7,1,0,2,4,5,3,9,0,0,0,0.234,0.304,0.433,0.738,0.316,0.1,0,0.1,405.9,15998
Stephen Vogt,Brewers,115,482,437,113,23,3,14,53,55,38,80,2,1,1,0.258,0.318,0.418,0.737,0.316,-1.5,-0.5,2,230.7,5000
Dilson Herrera,Reds,29,123,112,29,5,1,4,14,15,9,25,1,2,2,0.256,0.311,0.422,0.733,0.316,0,-0.2,0.3,717.6,14335
Nick Markakis,Braves,155,651,576,156,31,1,10,70,61,64,89,4,2,2,0.271,0.346,0.379,0.724,0.315,-2.8,-1.3,0.5,305.9,5930
Andre Ethier,Dodgers,86,360,320,82,17,3,8,36,41,31,69,4,2,2,0.256,0.327,0.405,0.732,0.315,-1.5,-0.6,0.6,689,6265
Rob Segedin,Dodgers,8,35,32,8,1,0,1,4,4,2,8,1,0,0,0.246,0.309,0.422,0.731,0.315,-0.2,0,0.1,873.6,11446
Mitch Moreland,Red Sox,108,455,413,103,24,0,16,48,62,33,108,6,1,0,0.249,0.311,0.424,0.736,0.315,3.4,-0.8,0.5,310.5,3086
Gerardo Parra,Rockies,83,349,325,90,19,3,7,40,36,17,60,2,6,4,0.278,0.316,0.42,0.736,0.315,0.5,-0.3,-0.2,370.3,8553
Jhonny Peralta,Cardinals,125,525,475,123,26,1,14,53,59,40,95,4,2,2,0.259,0.319,0.41,0.73,0.315,0.8,-2.1,1.5,445.9,1738
Javier Baez,Cubs,102,430,397,102,19,1,16,49,57,22,111,7,12,4,0.256,0.304,0.433,0.737,0.315,1.9,1.1,1.5,123.8,12979
Yadier Molina,Cardinals,125,524,482,137,28,1,8,48,57,32,62,4,3,2,0.283,0.33,0.396,0.726,0.314,5.2,-2.6,2.6,219.1,7007
Tyler Naquin,Indians,117,490,439,114,21,4,12,54,50,40,138,4,9,5,0.259,0.325,0.405,0.73,0.314,-3.3,0.1,1.2,318.8,13359
Eugenio Suarez,Reds,142,595,536,134,25,2,19,66,68,45,143,7,9,6,0.25,0.314,0.412,0.726,0.314,0,-0.8,1.5,281,12552
Asdrubal Cabrera,Mets,137,574,522,133,29,3,17,66,64,40,106,6,5,2,0.255,0.313,0.42,0.733,0.314,-9.1,-0.5,1.3,269.3,4962
Cheslor Cuthbert,Royals,23,98,90,24,5,0,3,10,11,7,17,0,1,0,0.267,0.317,0.412,0.729,0.314,-0.3,-0.2,0.1,574.1,10473
Ryan Zimmerman,Nationals,112,470,425,106,23,1,16,54,65,36,101,3,3,1,0.249,0.309,0.424,0.733,0.314,-0.8,-0.3,0.2,386.9,4220
Jesus Aguilar,Brewers,32,133,120,29,6,0,6,15,17,10,31,1,0,0,0.244,0.306,0.43,0.736,0.314,0.5,0,0.1,694.8,11342
Wilmer Flores,Mets,78,326,302,80,15,1,11,36,42,18,45,2,1,1,0.263,0.306,0.429,0.736,0.314,-1.8,-0.5,0.6,465.1,5827
Brian McCann,Astros,100,419,371,87,13,1,17,48,57,38,80,6,0,0,0.235,0.315,0.411,0.726,0.314,-0.1,-1.5,1.9,208.8,4810
Chris Iannetta,Diamondbacks,69,288,245,56,13,0,8,27,30,37,71,3,1,0,0.228,0.332,0.38,0.713,0.314,-2,-0.6,0.8,733.7,8267
Brandon Crawford,Giants,148,623,555,143,28,7,14,65,76,54,124,6,6,3,0.257,0.327,0.412,0.738,0.314,8.4,0.4,3.5,200.4,5343
Kolten Wong,Cardinals,108,455,408,106,16,5,10,51,45,33,71,8,10,4,0.26,0.325,0.4,0.725,0.314,1.8,1.2,1.6,319.8,12532
Tommy La Stella,Cubs,15,63,56,15,3,0,1,6,6,6,8,1,0,0,0.267,0.34,0.375,0.715,0.314,-0.5,-0.1,0.1,918.8,12371
Justin Smoak,Blue Jays,100,420,369,84,17,0,17,48,55,44,116,3,1,1,0.227,0.313,0.412,0.724,0.314,0,-1.3,0.2,624.9,9054
Yonder Alonso,Athletics,108,455,408,109,25,1,8,49,48,39,61,2,4,2,0.266,0.331,0.39,0.721,0.314,1.9,-1.1,0.8,630.5,2530
Jay Bruce,Mets,142,595,538,129,28,4,24,70,85,49,135,3,6,3,0.239,0.303,0.438,0.742,0.313,-4.2,-0.4,0.5,187.5,9892
Jordan Patterson,Rockies,12,50,45,11,2,0,1,5,5,3,13,1,1,1,0.254,0.316,0.408,0.724,0.313,0.1,0,0,862.7,15119
Byron Buxton,Twins,142,595,543,136,26,8,18,74,68,39,174,5,18,6,0.251,0.305,0.427,0.732,0.313,5.6,2.3,2.6,157.1,14161
Devin Mesoraco,Reds,91,384,341,80,16,1,15,41,43,33,84,6,3,2,0.233,0.311,0.415,0.726,0.313,-3.2,-0.8,1.2,291.5,5666
Mark Canha,Athletics,67,280,252,63,13,1,9,33,34,21,67,4,3,1,0.248,0.313,0.41,0.723,0.313,-1.1,0.1,0.5,757.3,11445
Howie Kendrick,Phillies,114,478,435,119,22,2,8,54,45,36,83,3,7,3,0.273,0.331,0.39,0.721,0.313,-0.1,-0.4,0.7,313.1,4229
Yunel Escobar,Angels,133,560,506,141,24,1,8,61,48,42,71,5,2,2,0.278,0.337,0.376,0.713,0.313,-5.6,-2.3,1.3,509.6,4191
Lonnie Chisenhall,Indians,100,420,383,101,23,2,10,45,52,27,81,3,4,1,0.264,0.315,0.415,0.731,0.313,1,0.8,0.8,543.1,7571
Denard Span,Giants,140,588,531,145,26,5,7,70,44,47,68,3,15,6,0.273,0.333,0.382,0.715,0.313,-5.4,1.1,1.5,314.5,8347
Jake Bauers,,10,42,38,9,2,0,1,5,5,4,8,0,1,0,0.252,0.319,0.401,0.72,0.312,0.1,-0.1,0.1,999,sa737848
Justin Morneau,,83,350,321,84,17,2,10,35,40,22,65,3,1,1,0.261,0.312,0.418,0.73,0.312,0.2,-1,0.1,932.2,1737
Nori Aoki,Astros,95,399,358,98,16,3,5,46,33,29,40,6,9,5,0.273,0.336,0.373,0.709,0.312,-1.5,-1.1,0.5,660.2,13075
Josh Harrison,Pirates,123,515,481,136,29,5,7,57,52,21,76,6,14,7,0.282,0.318,0.406,0.724,0.312,-0.1,1.1,1.6,279.2,8202
J.T. Realmuto,Marlins,107,448,416,114,23,3,9,47,47,24,79,3,9,4,0.274,0.317,0.408,0.724,0.312,-0.4,0.3,2,135,11739
Brock Holt,Red Sox,103,434,390,106,22,2,5,48,41,35,81,3,8,3,0.272,0.335,0.375,0.711,0.312,-1.5,1.1,0.8,625.2,9345
Steven Souza Jr.,Rays,125,525,469,111,20,1,19,62,58,46,166,6,12,7,0.238,0.31,0.408,0.719,0.312,0.8,0.7,1.1,343.5,5667
Yandy Diaz,Indians,67,280,247,65,9,1,4,30,26,28,51,1,4,2,0.264,0.34,0.366,0.706,0.312,-0.7,-0.2,0.7,795.2,16578
Rob Refsnyder,Yankees,52,217,194,51,10,1,4,25,22,18,39,2,4,2,0.263,0.329,0.386,0.716,0.312,-1.2,-0.1,0.5,869.6,13770
Ryan Raburn,Nationals,58,245,217,51,11,1,8,26,32,23,67,2,1,0,0.234,0.311,0.411,0.722,0.311,-1.7,-0.3,0.1,906.6,2218
Avisail Garcia,White Sox,150,630,574,149,23,2,18,74,75,43,154,7,7,5,0.259,0.316,0.403,0.719,0.311,-4.8,-1.1,0.2,516,5760
Jeimer Candelario,Cubs,7,28,25,6,2,0,1,3,3,2,6,0,0,0,0.251,0.318,0.403,0.72,0.311,-0.1,0,0.1,924.7,13621
Josh Hamilton,Rangers,8,35,32,8,2,0,1,4,4,2,10,0,0,0,0.25,0.304,0.428,0.732,0.311,-0.1,0,0,838.6,1875
Chase Headley,Yankees,133,560,496,124,22,1,14,62,59,52,125,7,5,3,0.249,0.326,0.385,0.712,0.311,3.5,-0.2,2,502.5,4720
Elvis Andrus,Rangers,150,630,567,157,31,4,7,70,61,48,81,3,25,10,0.276,0.333,0.381,0.713,0.311,-4.7,1.6,1.7,177.4,8709
Ender Inciarte,Braves,147,616,563,159,26,5,6,77,42,41,75,3,20,8,0.283,0.333,0.382,0.715,0.311,8.3,1.5,2.6,222.7,4922
Welington Castillo,Orioles,99,416,376,92,17,0,15,42,54,30,105,5,1,1,0.246,0.308,0.416,0.724,0.311,-1.7,-1.1,1.5,222.4,3256
Travis d'Arnaud,Mets,91,384,347,87,17,1,11,42,41,30,68,3,1,0,0.251,0.315,0.404,0.719,0.311,-2.6,-0.3,1.5,284.1,7739
Lewis Brinson,Brewers,2,7,6,2,0,0,0,1,1,0,2,0,0,0,0.251,0.294,0.435,0.729,0.311,0,0,0,437.9,14352
Brandon Nimmo,Mets,8,35,31,8,1,0,1,4,3,3,8,0,0,0,0.254,0.328,0.383,0.711,0.311,-0.1,-0.1,0,767.9,12927
Salvador Perez,Royals,122,512,483,126,24,2,19,53,65,20,91,5,1,0,0.261,0.295,0.437,0.732,0.311,6.6,-1.8,2.7,189.9,7304
Jorge Polanco,Twins,107,448,412,111,19,5,8,48,48,28,72,2,9,6,0.269,0.317,0.402,0.719,0.31,-3.7,-0.5,1.1,340.6,13152
Mitch Haniger,Mariners,125,525,471,114,21,3,18,58,61,40,124,7,7,4,0.243,0.309,0.412,0.72,0.31,2.3,-0.1,1.2,271.1,14274
Eduardo Nunez,Giants,135,568,527,145,26,5,11,62,59,29,84,4,29,11,0.276,0.315,0.406,0.722,0.31,1.5,1.5,2.1,114.5,6848
Tyler Austin,Yankees,42,175,157,37,8,1,6,20,21,15,51,1,2,1,0.237,0.306,0.411,0.717,0.31,-0.3,0.1,0.2,703.8,11850
Chris Coghlan,Blue Jays,17,70,61,15,4,1,2,8,7,7,15,1,1,0,0.236,0.322,0.393,0.715,0.31,0.3,0.1,0.1,783.2,6878
Dansby Swanson,Braves,150,630,566,145,29,6,13,73,65,53,130,5,9,4,0.256,0.322,0.399,0.721,0.31,1.7,0.5,2.2,173.9,18314
Jefry Marte,Angels,23,98,89,22,4,0,4,11,12,7,21,1,1,1,0.243,0.302,0.417,0.719,0.31,-0.1,-0.1,0.2,445.1,5107
Cesar Hernandez,Phillies,142,595,529,143,18,8,5,67,44,56,115,3,18,10,0.27,0.342,0.362,0.704,0.31,-0.4,0.2,1.5,281.7,10556
Brandon Drury,Diamondbacks,110,464,430,114,26,1,11,48,51,27,84,3,2,2,0.265,0.311,0.409,0.719,0.31,-3.3,-0.9,0.4,244.9,11615
Matt Skole,,7,28,25,6,1,0,1,3,3,3,8,0,0,0,0.23,0.315,0.398,0.713,0.309,0,0,0,999,sa526563
Trevor Plouffe,Rays,125,525,477,118,25,2,16,56,65,39,102,3,2,1,0.248,0.307,0.411,0.718,0.309,-4.5,-1.2,1.2,461.7,7462
Jose Martinez,Cardinals,18,77,70,19,4,0,1,8,8,5,13,0,1,0,0.272,0.324,0.39,0.713,0.309,-0.3,0,0,999,7996
Starlin Castro,Yankees,127,532,499,134,25,1,15,56,65,24,95,4,4,2,0.269,0.305,0.416,0.721,0.308,-1.8,-1,1.2,245.3,4579
Jurickson Profar,Rangers,78,329,294,74,12,3,7,37,32,27,59,4,4,3,0.252,0.322,0.382,0.704,0.308,-0.2,-0.4,0.4,315.2,10815
Jarrett Parker,Giants,99,416,367,84,14,3,14,47,47,40,142,6,6,4,0.228,0.312,0.395,0.707,0.308,0.3,-0.3,0.6,698.1,11624
Jake Smolinski,Athletics,20,84,76,19,4,0,2,9,9,6,14,1,1,0,0.252,0.313,0.395,0.708,0.308,-0.2,0,0.1,862.1,5408
Mac Williamson,Giants,82,346,312,77,15,1,11,38,40,25,89,6,3,1,0.245,0.31,0.404,0.714,0.308,0.1,-0.1,0.5,852.5,14158
Didi Gregorius,Yankees,117,490,450,118,22,2,12,53,54,27,72,6,4,2,0.262,0.31,0.404,0.714,0.307,-0.4,1.2,1.7,263.9,6012
Brock Stassi,Phillies,12,50,44,11,2,0,1,5,5,5,9,0,0,0,0.245,0.32,0.385,0.705,0.307,0.1,0,0,738,12244
Matt Wieters,Nationals,99,416,379,95,17,1,14,42,52,29,80,3,1,0,0.25,0.304,0.41,0.714,0.307,0.5,-0.8,1.5,230,4298
Alex Avila,Tigers,59,246,206,45,9,0,6,25,22,36,79,1,1,1,0.216,0.332,0.353,0.685,0.307,-0.4,-0.9,0.8,842.9,7476
Kevin Pillar,Blue Jays,138,581,543,148,35,2,11,63,62,25,90,5,15,6,0.273,0.309,0.404,0.713,0.307,10.7,1.4,2.7,296.8,12434
Wilson Ramos,Rays,69,291,271,70,11,0,11,29,38,17,53,1,0,0,0.258,0.3,0.417,0.717,0.307,1.1,-1,1.2,312,1433
Christian Walker,Orioles,2,7,6,2,0,0,0,1,1,0,2,0,0,0,0.242,0.296,0.419,0.716,0.307,0,0,0,890.8,13419
Christian Walker,Orioles,13,55,50,12,2,0,2,6,7,4,16,0,0,0,0.242,0.296,0.419,0.716,0.307,-0.2,0,0,890.8,13419
Ryan Rua,Rangers,73,308,279,68,12,1,10,36,33,22,81,4,5,2,0.243,0.307,0.402,0.708,0.306,0.3,0.1,0.1,622.2,12409
Stephen Drew,Nationals,57,241,215,50,12,1,8,25,28,22,48,2,1,1,0.231,0.303,0.408,0.711,0.306,-0.3,-0.6,0.4,813.2,4251
Jacoby Ellsbury,Yankees,133,560,506,133,22,4,10,67,52,43,84,4,21,6,0.262,0.323,0.377,0.7,0.305,-0.2,2.2,1.6,240,4727
Kirk Nieuwenhuis,Brewers,88,370,325,71,17,2,13,41,45,39,116,2,7,5,0.218,0.305,0.398,0.703,0.305,0.2,0,0.4,896.9,6400
Jean Segura,Mariners,148,623,579,157,25,5,12,73,56,28,96,8,26,9,0.271,0.312,0.394,0.706,0.305,-3.5,2,2.1,63.8,5933
Cameron Maybin,Angels,118,497,449,117,20,4,8,58,49,41,96,3,15,6,0.26,0.324,0.372,0.696,0.305,-3.1,0.6,0.5,307.3,5223
Gregor Blanco,Diamondbacks,42,175,154,39,7,2,2,20,15,18,31,1,4,2,0.256,0.334,0.365,0.699,0.305,-1.4,0.1,0.2,886.3,3123
Dustin Garneau,Rockies,30,128,116,28,6,0,4,13,15,8,25,2,1,1,0.245,0.303,0.404,0.707,0.305,0.3,-0.1,0.2,873.7,9433
Austin Barnes,Dodgers,46,194,174,43,8,1,4,20,20,17,32,2,4,2,0.249,0.319,0.376,0.695,0.304,-0.5,0.2,0.8,655.5,12158
Matt Olson,Athletics,17,70,61,13,4,0,2,8,8,8,18,0,0,0,0.22,0.312,0.388,0.7,0.304,-0.1,0,0.1,838.9,14344
Conor Gillaspie,Giants,60,251,231,60,12,3,5,24,28,16,39,1,1,1,0.261,0.309,0.402,0.711,0.304,-1.3,-0.2,0.4,883.4,9009
Scooter Gennett,Reds,67,280,260,69,14,1,6,30,28,15,53,1,3,2,0.264,0.306,0.401,0.707,0.304,-1.9,-0.1,0.3,599.4,10339
Ketel Marte,Diamondbacks,42,176,163,46,9,1,1,20,15,10,25,1,6,2,0.282,0.321,0.378,0.7,0.304,-0.9,0.2,0.2,269.8,13613
Delmon Young,,50,210,195,51,9,1,6,22,24,10,42,2,2,1,0.262,0.303,0.402,0.705,0.304,-3,-0.5,-0.2,999,2140
Steve Selsky,Red Sox,15,63,56,14,3,0,1,7,7,5,18,1,1,0,0.247,0.316,0.377,0.693,0.304,0.2,0,0,999,12957
Abraham Almonte,Indians,83,350,317,81,19,3,6,40,37,26,78,1,10,3,0.256,0.313,0.388,0.701,0.304,2,0.3,0.6,789.1,5486
Cristhian Adames,Rockies,20,85,77,21,3,1,1,8,8,6,14,1,2,1,0.269,0.324,0.372,0.695,0.303,0.2,-0.1,0,926,6013
Angel Pagan,,117,490,450,121,22,3,7,54,45,33,71,1,11,5,0.269,0.318,0.38,0.698,0.303,-2.2,0.6,0.1,581.8,2918
Mike Zunino,Mariners,99,416,373,81,15,1,19,46,54,29,126,9,1,1,0.218,0.289,0.415,0.704,0.303,-0.1,-0.2,1.8,297.1,13265
Trayce Thompson,Dodgers,45,190,174,40,9,1,7,21,23,14,49,1,3,1,0.231,0.289,0.419,0.707,0.303,-0.1,0.3,0.3,641.4,9952
Phillip Ervin,Reds,2,7,6,1,0,0,0,1,1,1,2,0,0,0,0.231,0.309,0.386,0.695,0.303,0,0,0,999,14738
Cory Spangenberg,Padres,92,385,348,90,16,6,6,41,41,27,84,2,9,5,0.258,0.314,0.388,0.701,0.303,-0.2,0.8,0.9,624.5,12294
Andrew Susac,Brewers,53,224,200,47,9,1,7,23,24,20,59,2,0,0,0.234,0.307,0.391,0.699,0.303,-0.6,0,0.6,552.8,13132
Aaron Hicks,Yankees,103,434,385,93,17,2,11,48,45,42,88,1,8,4,0.241,0.314,0.381,0.696,0.303,0.3,0.1,0.6,678.9,5297
Matt Duffy,Rays,100,420,386,102,17,2,8,46,42,25,72,4,8,3,0.264,0.313,0.384,0.697,0.303,-1.7,0.3,1.3,341.3,13836
Cody Asche,White Sox,103,434,395,94,21,1,14,48,50,33,112,3,4,2,0.239,0.301,0.403,0.703,0.303,-1.5,-0.2,-0.2,870.2,11997
Colby Rasmus,Rays,125,525,468,103,19,1,21,57,65,50,161,2,4,2,0.221,0.296,0.404,0.7,0.303,6,0.9,1.4,556.2,9893
Chris Heisey,Nationals,45,187,166,37,6,1,7,22,21,16,48,2,2,1,0.226,0.301,0.398,0.699,0.302,0.3,0.1,0.2,999,3978
Andrew Toles,Dodgers,65,275,258,69,15,2,5,29,28,12,56,2,12,6,0.267,0.304,0.4,0.704,0.302,2.3,0.2,0.5,336.8,13414
Jose Peraza,Reds,142,595,554,155,23,6,7,63,53,25,76,5,31,14,0.28,0.314,0.384,0.699,0.302,1.4,0.9,1.2,125.8,13593
Jon Jay,Cubs,99,414,371,99,19,2,4,43,35,27,77,11,4,2,0.267,0.331,0.355,0.686,0.302,-2,-0.1,0.5,651.9,5227
Blake Swihart,Red Sox,24,102,92,24,5,1,2,11,10,8,22,0,1,1,0.257,0.317,0.376,0.693,0.302,0,0,0,550,13176
Preston Tucker,Astros,3,14,13,3,1,0,1,2,2,1,3,0,0,0,0.237,0.291,0.413,0.705,0.302,0,0,0,878.7,13633
Marlon Byrd,,83,350,323,78,16,2,13,35,47,20,101,2,1,1,0.241,0.288,0.421,0.71,0.302,0.1,-0.4,0.1,999,950
Austin Jackson,Indians,47,196,179,46,10,1,3,22,19,14,45,1,4,2,0.259,0.314,0.377,0.691,0.301,-1,0.1,0.2,788.6,9848
Jonny Gomes,,67,280,244,54,9,1,9,29,31,29,84,3,3,2,0.223,0.313,0.375,0.687,0.301,0,-0.1,-0.3,999,1845
Adonis Garcia,Braves,142,595,561,150,30,1,15,63,66,23,98,6,5,3,0.267,0.301,0.402,0.703,0.301,-5,-1,0.4,328.7,13777
Coco Crisp,,100,420,376,90,21,3,10,48,43,38,71,1,9,4,0.238,0.308,0.387,0.694,0.301,-2.1,0.2,0,792,1572
Jeff Baker,,25,105,95,23,4,1,3,11,12,8,28,1,2,1,0.239,0.298,0.401,0.699,0.301,-0.8,-0.3,-0.1,999,2073
Jose Reyes,Mets,110,463,424,111,19,3,9,56,39,32,64,1,15,5,0.262,0.312,0.383,0.695,0.301,-4.9,1.1,0.6,244.7,1736
Gavin Cecchini,Mets,2,7,6,2,0,0,0,1,1,0,1,0,0,0,0.262,0.316,0.373,0.689,0.301,0,0,0,841.8,17005
Anthony Santander,,8,35,32,8,2,0,1,4,4,2,9,0,0,0,0.24,0.293,0.407,0.7,0.301,-0.1,0,0,999,sa659463
Keon Broxton,Brewers,130,546,483,106,21,6,17,62,57,55,192,3,29,12,0.219,0.301,0.393,0.693,0.301,4.8,1.1,1.3,188.6,9253
Andres Blanco,Phillies,91,384,349,88,21,2,7,41,37,24,70,6,4,4,0.251,0.308,0.384,0.692,0.301,-2.2,-1.7,0.2,858.7,1907
Robinson Chirinos,Rangers,27,115,102,23,5,0,4,13,13,9,28,2,1,1,0.226,0.299,0.393,0.692,0.301,0.4,-0.2,0.4,674.1,3142
Hunter Renfroe,Padres,137,575,539,132,26,3,22,65,75,28,146,3,4,2,0.244,0.283,0.426,0.709,0.301,2.4,0.2,0.6,203.7,15464
Marwin Gonzalez,Astros,52,217,202,52,11,1,5,24,23,10,46,2,4,3,0.257,0.297,0.4,0.697,0.301,0.7,-0.5,0.3,595.6,5497
Aristides Aquino,,2,7,7,2,0,0,0,1,1,0,2,0,0,0,0.244,0.285,0.421,0.706,0.301,0,0,0,999,sa597058
Miguel Montero,Blue Jays,53,224,193,45,7,0,6,21,26,26,49,2,1,1,0.232,0.327,0.363,0.69,0.3,-1.6,-0.8,0.5,579.4,3364
Jeremy Hazelbaker,Diamondbacks,57,240,217,52,9,3,7,27,27,17,69,2,7,3,0.239,0.297,0.403,0.7,0.3,-0.2,0.2,-0.1,791.9,9399
A.J. Ellis,Marlins,29,122,103,24,5,0,2,10,12,15,22,1,1,1,0.232,0.332,0.345,0.677,0.3,0,-0.5,0.4,921.9,5677
Eddie Rosario,Twins,97,406,383,100,19,4,11,48,46,16,92,1,8,5,0.261,0.291,0.415,0.707,0.3,2.4,0.4,0.5,376.4,12155
Kyle Higashioka,Yankees,23,96,89,21,4,0,3,11,13,6,21,0,0,0,0.242,0.29,0.412,0.702,0.3,-0.5,-0.1,0.3,999,5517
Delino DeShields,Rangers,108,455,397,97,18,3,7,57,36,44,111,4,24,10,0.245,0.325,0.352,0.677,0.3,-1.8,1.9,0.2,409.5,11379
Rickie Weeks Jr.,Rays,67,280,247,54,11,1,9,31,30,25,79,5,4,2,0.22,0.304,0.381,0.685,0.3,-1.2,0.1,-0.1,933.9,1849
Yoan Moncada,White Sox,63,266,234,54,11,1,6,28,25,26,74,3,13,6,0.232,0.315,0.37,0.685,0.3,-1.3,0.3,0.3,243.8,17232
Tyler Flowers,Braves,72,303,273,65,13,0,9,26,33,21,91,6,0,1,0.24,0.306,0.382,0.687,0.3,-2.6,-1,0.6,332.5,9134
J.P. Crawford,,83,350,310,77,14,2,5,36,31,35,57,1,6,4,0.247,0.323,0.355,0.678,0.3,1.1,-0.4,0.9,999,sa737507
Dylan Cozens,,7,29,27,6,1,0,1,4,4,2,10,0,1,0,0.233,0.287,0.414,0.701,0.299,0,0.1,0,999,sa657955
Greg Garcia,Cardinals,38,160,139,34,7,1,1,16,12,17,32,2,2,1,0.248,0.338,0.334,0.672,0.299,0.1,0.2,0.3,713.6,10951
Jordy Mercer,Pirates,125,525,474,123,23,2,10,51,54,38,82,4,2,1,0.259,0.318,0.38,0.698,0.299,-3.6,0.2,1,583.5,6547
Daniel Nava,Phillies,20,85,75,18,3,0,1,8,8,7,18,2,1,0,0.243,0.323,0.351,0.675,0.299,-0.5,0,0,821.6,5450
Adam Frazier,Pirates,92,387,353,96,17,3,2,40,30,26,51,3,12,9,0.271,0.324,0.354,0.679,0.299,1,-0.9,0.6,610.2,15223
Brett Phillips,Brewers,2,7,6,1,0,0,0,1,1,1,2,0,0,0,0.229,0.3,0.389,0.689,0.299,0,0,0,933.1,14735
Hector Sanchez,Padres,53,224,205,50,10,0,8,21,28,13,50,2,1,0,0.242,0.292,0.401,0.693,0.299,-2.6,0,0.5,980.8,10289
Eduardo Escobar,Twins,88,371,342,87,20,2,7,38,39,22,72,2,3,2,0.255,0.303,0.389,0.691,0.298,-1.7,-0.2,0.6,650.8,6153
Juan Uribe,,83,350,321,79,16,0,11,34,41,23,71,2,1,0,0.247,0.299,0.395,0.694,0.298,4.4,-0.5,1,999,454
Anthony Garcia,,3,14,13,3,1,0,0,1,1,1,3,0,0,0,0.237,0.302,0.383,0.685,0.298,0,0,0,999,sa502038
Marco Hernandez,Red Sox,12,49,46,12,2,1,1,5,5,2,11,0,1,0,0.269,0.303,0.389,0.692,0.298,-0.4,0,0,913.8,13154
Jose Iglesias,Tigers,137,574,525,144,26,1,6,60,47,31,60,8,11,6,0.273,0.321,0.359,0.68,0.298,3.6,-0.7,1.7,562.2,10231
Eliezer Alvarez,,2,7,6,2,0,0,0,1,1,0,1,0,0,0,0.259,0.313,0.372,0.685,0.298,0,0,0,999,sa657261
Albert Almora Jr.,Cubs,87,364,343,92,19,3,6,38,38,14,53,1,6,3,0.269,0.298,0.395,0.693,0.298,1.6,0,0.6,493.6,14109
Dee Gordon,Marlins,150,630,586,165,20,9,3,80,39,33,95,3,50,16,0.282,0.321,0.362,0.683,0.298,0.6,4.6,1.5,66.4,8203
Ty Kelly,Phillies,12,49,43,10,2,0,1,5,4,5,8,0,1,0,0.243,0.327,0.341,0.668,0.298,-0.3,-0.1,0,941,7740
Brandon Phillips,Braves,130,546,512,141,25,1,9,56,57,22,69,6,11,6,0.275,0.309,0.379,0.688,0.297,2,-1.1,0.9,288.1,791
Aaron Altherr,Phillies,100,420,376,87,20,2,11,46,48,33,115,7,10,4,0.231,0.302,0.385,0.687,0.297,3.2,0.1,0.4,517.3,11270
Geovany Soto,White Sox,46,192,173,39,8,0,7,20,22,15,55,1,1,0,0.224,0.288,0.4,0.688,0.297,-0.6,-0.4,0.5,712,3707
Renato Nunez,Athletics,3,14,13,3,1,0,1,2,2,1,3,0,0,0,0.24,0.281,0.415,0.696,0.297,-0.1,0,0,853.9,14503
Chris Owings,Diamondbacks,107,449,419,110,22,7,6,46,43,22,91,3,14,4,0.263,0.302,0.392,0.694,0.297,-3,1.3,0.4,307.7,10030
Zack Cozart,Reds,133,560,513,127,27,3,14,64,56,35,91,4,5,2,0.247,0.298,0.393,0.691,0.297,6.2,0.4,1.7,360.5,2616
Chris Taylor,Dodgers,18,77,70,18,4,1,1,8,7,6,16,1,2,1,0.256,0.316,0.363,0.679,0.297,0.4,0.1,0.2,977.6,13757
Jose Osuna,Pirates,2,7,7,2,0,0,0,1,1,0,1,0,0,0,0.253,0.295,0.397,0.692,0.297,0,0,0,829.1,12937
Josh Phegley,Athletics,38,160,147,36,8,1,5,18,20,9,31,2,0,0,0.241,0.29,0.399,0.689,0.297,0.5,-0.1,0.7,725.1,9308
Guillermo Heredia,Mariners,68,287,252,64,10,1,3,31,24,24,44,6,4,3,0.254,0.328,0.339,0.667,0.297,-0.1,-0.2,0.2,908.3,18721
Jace Peterson,Braves,45,188,164,40,8,1,2,19,16,20,35,1,4,3,0.243,0.325,0.348,0.673,0.297,-0.3,-0.1,0.1,707,12325
Tony Kemp,Astros,13,56,50,13,2,1,0,6,4,5,9,1,2,1,0.256,0.325,0.344,0.669,0.297,0,0,0.1,971.8,14894
Miguel Gomez,Giants,2,7,7,2,0,0,0,1,1,0,1,0,0,0,0.269,0.294,0.398,0.692,0.297,0,0,0,999,17075
Matt Chapman,Athletics,13,56,51,11,2,0,2,7,7,5,17,0,1,0,0.214,0.282,0.412,0.694,0.296,0.4,0,0.1,776.7,16505
Phil Gosselin,Pirates,35,147,136,37,7,1,2,15,12,7,25,1,2,1,0.27,0.31,0.371,0.681,0.296,-0.5,0.2,0.2,881.6,10953
Andrelton Simmons,Angels,150,630,581,155,28,3,9,64,61,38,57,4,8,4,0.267,0.314,0.369,0.682,0.296,14.8,-0.7,3.4,436.9,10847
Nick Williams,Phillies,9,36,34,8,2,0,1,4,4,1,9,0,0,0,0.247,0.281,0.416,0.696,0.296,0.1,0,0,735.9,14330
Dalton Pompey,Blue Jays,57,238,214,53,9,2,4,26,21,20,53,2,10,4,0.246,0.312,0.362,0.674,0.296,0.4,0.7,0.3,781.7,12797
Jed Lowrie,Athletics,115,483,434,109,23,1,8,50,45,38,77,4,1,1,0.252,0.315,0.365,0.68,0.296,-2.4,-0.8,0.4,633.5,4418
Jaff Decker,Athletics,38,161,141,33,6,1,3,17,14,17,34,1,5,2,0.232,0.318,0.356,0.673,0.296,-1,0,0.1,999,7945
Joey Rickard,Orioles,33,140,125,31,6,0,2,15,12,11,28,1,3,1,0.252,0.319,0.349,0.668,0.295,-1.8,0.1,-0.1,829.9,13277
Ozzie Albies,,17,70,64,16,3,1,1,7,6,5,14,1,3,1,0.256,0.311,0.367,0.678,0.295,0.3,0,0.1,999,sa830219
Corey Hart,,50,210,193,45,9,1,8,22,26,12,57,3,2,1,0.232,0.284,0.404,0.688,0.295,-1,-0.7,-0.3,999,1945
Jason Castro,Twins,99,416,369,82,18,2,11,44,43,39,121,3,2,1,0.222,0.301,0.374,0.675,0.295,2,-0.4,1.4,356.5,8722
Drew Robinson,Rangers,12,49,44,9,2,0,2,5,5,5,15,0,1,1,0.217,0.295,0.382,0.677,0.295,-0.1,0,0,999,11761
Kik√© Hernandez,Dodgers,39,163,148,35,7,1,4,17,16,12,33,1,1,1,0.238,0.3,0.38,0.679,0.295,-0.2,-0.1,0.3,828.5,10472
Jose Marmolejos,,2,7,6,2,0,0,0,1,1,0,2,0,0,0,0.248,0.301,0.382,0.682,0.295,0,0,0,999,sa598311
Rajai Davis,Athletics,137,574,525,128,29,3,13,68,65,33,111,7,18,6,0.244,0.294,0.387,0.681,0.295,-1.7,2,1.2,234.9,3708
Cameron Rupp,Phillies,91,384,352,82,17,1,12,37,45,25,107,4,1,0,0.233,0.289,0.394,0.683,0.295,0,-0.5,1,273.7,11146
Ezequiel Carrera,Blue Jays,65,273,245,61,10,2,4,31,25,20,59,3,9,4,0.251,0.311,0.359,0.67,0.294,0.8,0.4,0.1,730.6,9048
Daniel Descalso,Diamondbacks,60,251,222,53,11,1,5,25,25,24,51,1,2,2,0.239,0.314,0.365,0.679,0.294,-1.3,0.2,-0.1,882,8392
Aaron Hill,Giants,15,63,57,14,3,0,1,6,7,5,10,0,1,0,0.248,0.309,0.366,0.675,0.294,-0.4,-0.1,0.1,787.7,6104
Hernan Perez,Brewers,131,550,518,137,26,4,11,54,58,22,104,2,24,8,0.264,0.293,0.392,0.686,0.294,-0.6,1.9,0.3,242.7,5751
Gorkys Hernandez,Giants,73,305,275,70,13,1,4,31,27,23,63,3,9,5,0.253,0.315,0.355,0.669,0.294,0.3,-0.2,0.3,951.4,4146
Rio Ruiz,Braves,39,165,147,35,7,1,3,16,16,15,41,1,1,1,0.236,0.308,0.364,0.673,0.294,0,-0.1,0.1,818,14103
Yan Gomes,Indians,84,352,328,78,17,1,12,38,45,16,88,4,1,1,0.238,0.279,0.411,0.69,0.294,2.3,-0.2,1.3,308.2,9627
Alejandro De Aza,,67,280,250,59,12,2,5,30,26,23,66,4,6,3,0.238,0.308,0.365,0.673,0.294,-0.3,-0.2,-0.1,927.5,3371
Derek Norris,Rays,69,291,260,59,13,1,8,32,32,26,74,2,4,2,0.227,0.3,0.378,0.678,0.294,-1.5,0,0.7,325,6867
Darrell Ceciliani,Blue Jays,8,35,32,8,2,0,1,4,4,2,9,0,1,0,0.246,0.292,0.391,0.683,0.293,0.1,0,0,999,9954
Dioner Navarro,,61,256,234,58,10,1,6,23,30,18,46,1,1,1,0.247,0.299,0.379,0.678,0.293,-1.9,-0.8,0.5,841,3179
Sandy Leon,Red Sox,84,352,316,77,16,1,6,36,33,28,81,3,1,1,0.244,0.309,0.362,0.671,0.293,4.1,-0.6,1.3,290.2,5273
Victor Caratini,Cubs,1,6,6,1,0,0,0,1,1,1,1,0,0,0,0.245,0.313,0.355,0.667,0.293,0,0,0,999,14968
Daniel Palka,,7,28,26,6,1,0,1,3,3,2,9,0,1,0,0.221,0.278,0.407,0.685,0.293,-0.1,0,0,999,sa549449
T.J. Rivera,Mets,48,200,187,50,9,1,3,20,20,8,31,2,1,1,0.269,0.305,0.371,0.676,0.293,0.1,0,0.3,703.5,12495
Ben Gamel,Mariners,27,112,102,26,5,1,2,12,11,8,25,0,2,1,0.253,0.306,0.372,0.677,0.293,-0.6,0,0,735.2,12160
Ehire Adrianza,Twins,17,70,63,15,3,0,1,7,6,5,13,1,1,1,0.245,0.306,0.362,0.668,0.293,0,-0.1,0.1,891.4,8418
Taylor Motter,Mariners,23,98,89,21,4,0,3,11,11,7,19,1,3,1,0.239,0.296,0.38,0.676,0.293,-0.5,0,0.1,935,12399
Chase Utley,Dodgers,48,201,181,43,9,1,4,22,20,14,38,4,1,1,0.238,0.302,0.372,0.674,0.293,0.3,0.2,0.3,663.2,1679
Carlos Asuaje,Padres,15,65,59,15,3,1,1,6,6,5,12,0,1,1,0.248,0.306,0.365,0.671,0.293,-0.1,0,0.1,836.4,15197
Tyler Saladino,White Sox,100,420,385,97,16,2,9,46,43,25,82,3,15,5,0.251,0.299,0.374,0.673,0.293,2.2,0.8,0.9,415.1,10807
Cole Gillespie,,50,210,189,48,9,1,3,22,19,17,37,1,3,1,0.251,0.312,0.355,0.667,0.293,-0.7,0.1,-0.1,999,5888
Adam Rosales,Athletics,77,322,289,66,13,2,9,36,33,27,91,3,4,3,0.227,0.298,0.376,0.673,0.292,0.1,-0.3,0.6,845.9,9682
Manuel Margot,Padres,133,560,520,134,24,7,7,60,47,30,79,3,24,12,0.258,0.3,0.374,0.674,0.292,4.9,0.3,1.3,247.5,14712
Samir Duenez,,2,7,7,2,0,0,0,1,1,0,1,0,0,0,0.257,0.294,0.384,0.677,0.292,0,0,0,999,sa739574
Anthony Recker,Braves,26,111,97,21,4,0,4,11,12,11,34,1,1,0,0.213,0.299,0.368,0.667,0.292,-1.1,0,0.1,820.1,4063
Brett Nicholas,Rangers,3,13,12,3,1,0,0,1,1,1,3,0,0,0,0.249,0.296,0.378,0.674,0.292,-0.1,0,0,999,11192
Christian Colon,Marlins,63,266,243,64,11,0,3,26,23,17,35,2,5,2,0.262,0.315,0.347,0.662,0.292,1.2,-0.2,0.4,860.3,11145
Ronald Torreyes,Yankees,77,322,297,79,13,3,3,34,28,16,32,3,6,3,0.265,0.307,0.362,0.669,0.292,0.1,-0.1,0.5,841.3,11400
Manny Pina,Brewers,30,128,117,29,6,0,3,12,14,8,22,1,1,1,0.245,0.298,0.377,0.675,0.292,0.2,-0.1,0.3,847,2829
Paulo Orlando,Royals,97,406,382,103,18,3,5,40,37,14,83,4,10,4,0.269,0.301,0.373,0.674,0.291,3.4,0.5,0.4,602.2,8628
Pat Valaika,Rockies,3,14,13,3,1,0,0,1,1,1,3,0,0,0,0.254,0.29,0.388,0.678,0.291,0,0,0,999,14885
Tim Anderson,White Sox,150,630,599,158,26,6,12,72,54,20,162,4,21,8,0.265,0.291,0.385,0.676,0.291,3.9,0.7,1.7,176.2,15172
Roberto Perez,Indians,61,256,218,47,11,1,5,27,25,30,69,1,1,1,0.214,0.311,0.344,0.655,0.291,1.5,-0.3,0.8,684.4,2900
Steve Clevenger,,15,64,58,15,3,0,1,6,6,5,11,0,0,0,0.255,0.311,0.357,0.668,0.291,-0.6,-0.1,0.1,999,9542
Kurt Suzuki,Braves,65,271,247,63,14,1,4,22,28,16,34,4,0,0,0.254,0.307,0.361,0.668,0.291,-2,-0.7,0.4,633.7,8259
Tyler Collins,Tigers,67,280,255,60,9,2,8,28,31,20,68,2,4,2,0.235,0.293,0.376,0.67,0.291,-1.5,0.1,-0.1,865.4,12723
Mikie Mahtook,Tigers,65,273,251,61,13,2,6,29,27,15,71,4,5,2,0.244,0.294,0.379,0.672,0.291,-0.9,0,0.2,806.3,13130
Brett Eibner,Dodgers,3,14,13,3,1,0,0,1,2,1,4,0,0,0,0.225,0.291,0.381,0.672,0.291,-0.1,0,0,807,11369
Jarrod Dyson,Mariners,113,476,427,109,16,6,4,57,35,34,77,5,41,11,0.254,0.315,0.347,0.662,0.291,9.7,4.8,1.7,268.6,4866
Bruce Maxwell,Athletics,23,96,87,21,4,0,2,9,9,7,20,0,0,0,0.245,0.304,0.359,0.663,0.291,-0.1,-0.1,0.3,533.8,13866
Brian Goodwin,Nationals,12,49,44,10,2,0,1,5,5,4,13,0,1,1,0.236,0.301,0.365,0.666,0.291,-0.2,0,0,999,12858
Jarrod Saltalamacchia,Blue Jays,38,160,139,28,6,0,6,17,19,18,58,1,0,0,0.2,0.293,0.375,0.668,0.291,-1.7,0,0.3,749,5557
Carlos Ruiz,Mariners,49,205,181,44,9,0,2,19,17,19,32,3,2,1,0.241,0.321,0.331,0.652,0.29,0,-0.5,0.6,722.1,2579
Oscar Hernandez,Diamondbacks,8,32,30,7,2,0,1,3,3,2,7,0,0,0,0.234,0.284,0.388,0.672,0.29,-0.2,0,0,881.1,13490
Teoscar Hernandez,Astros,33,140,128,30,6,1,3,16,14,9,36,1,6,3,0.237,0.293,0.377,0.67,0.29,0.2,-0.1,0,807.3,13066
Christian Villanueva,,2,7,6,2,0,0,0,1,1,0,2,0,0,0,0.237,0.286,0.393,0.679,0.29,0,0,0,999,sa505993
Tucker Barnhart,Reds,53,224,200,50,10,1,3,19,21,19,38,1,1,0,0.25,0.317,0.354,0.671,0.29,1.6,-0.5,0.6,486.8,10200
Chris Herrmann,Diamondbacks,46,195,176,41,8,2,4,19,21,15,49,2,2,1,0.233,0.298,0.372,0.67,0.29,-0.6,0.1,0.2,315.5,9284
Nolan Reimold,,67,280,249,57,11,1,7,28,26,26,75,2,3,1,0.228,0.303,0.358,0.662,0.29,-0.1,-0.4,-0.2,999,3441
Alex Rios,,108,455,423,107,22,2,9,43,48,23,89,4,8,3,0.252,0.293,0.378,0.672,0.29,-1.6,-0.5,-0.4,999,2090
Boog Powell,Mariners,3,14,13,3,0,0,0,1,1,1,3,0,0,0,0.253,0.315,0.34,0.655,0.29,0.1,0,0,999,15103
Alen Hanson,White Sox,76,321,296,74,12,5,6,33,32,18,59,1,17,8,0.248,0.292,0.381,0.673,0.29,-0.2,0.1,0.4,647,12926
Arismendy Alcantara,Reds,110,463,428,99,19,6,13,51,51,28,132,1,19,7,0.231,0.279,0.396,0.675,0.29,-0.7,1.6,0,868.4,10711
Christian Vazquez,Red Sox,61,256,232,59,13,1,3,26,24,18,51,2,2,1,0.252,0.308,0.356,0.664,0.29,1.9,-0.2,0.7,639.6,9774
Charlie Tilson,White Sox,17,70,64,16,2,1,1,7,6,5,12,0,2,1,0.256,0.308,0.354,0.662,0.29,-0.1,0,0.1,437.4,12983
Rymer Liriano,,17,70,63,14,3,0,2,8,7,6,22,1,2,1,0.226,0.3,0.362,0.661,0.289,0.5,-0.1,0,766.2,4779
Leonys Martin,Mariners,145,609,554,135,22,4,13,67,56,41,145,4,25,9,0.244,0.298,0.367,0.665,0.289,5.6,2.4,1.8,285.5,11846
Austin Hedges,Padres,107,448,418,101,20,1,14,47,54,20,87,4,2,2,0.242,0.28,0.399,0.679,0.289,3.7,-0.1,1.6,294.3,12976
Willy Adames,,2,7,6,1,0,0,0,1,1,1,2,0,0,0,0.231,0.303,0.356,0.659,0.289,0,0,0,999,sa736655
Josh Rutledge,Red Sox,2,7,6,2,0,0,0,1,1,0,2,0,0,0,0.244,0.3,0.363,0.664,0.289,-0.1,0,0,885,11167
Jett Bandy,Brewers,69,288,263,61,12,0,9,27,30,13,61,7,2,1,0.231,0.283,0.385,0.668,0.289,2.2,-0.5,0.7,392.4,12508
Miguel Andujar,Yankees,2,7,7,2,0,0,0,1,1,0,1,0,0,0,0.244,0.286,0.385,0.67,0.289,0,0,0,844,15878
Whit Merrifield,Royals,15,63,58,15,3,0,1,7,5,3,11,0,2,1,0.26,0.301,0.365,0.666,0.289,0.3,0.1,0.1,618.8,11281
Pedro Severino,Nationals,11,45,41,11,2,0,1,4,4,2,7,0,0,0,0.259,0.303,0.358,0.661,0.289,0.1,-0.1,0.1,891.9,14523
Danny Santana,Braves,38,161,151,39,7,2,2,18,14,6,35,1,7,3,0.261,0.295,0.374,0.668,0.289,-1,0.2,0,835.3,10322
Ivan De Jesus,Reds,35,147,133,33,6,1,2,13,13,11,32,1,1,1,0.251,0.31,0.348,0.658,0.289,-0.6,-0.2,-0.1,999,9886
Ichiro Suzuki,Marlins,60,253,230,60,8,3,1,26,18,18,33,1,6,2,0.263,0.317,0.339,0.656,0.289,0.3,-0.1,0,804.8,1101
Patrick Kivlehan,Reds,57,238,220,51,9,1,7,25,26,14,65,2,3,2,0.233,0.282,0.386,0.668,0.288,-1.7,0,-0.4,999,13910
Jose Lobaton,Nationals,43,179,159,37,7,1,3,16,17,16,41,1,1,0,0.233,0.306,0.353,0.659,0.288,-0.2,-0.4,0.3,778,4243
Matt Szczur,Padres,39,162,148,37,6,1,3,17,16,10,31,1,5,2,0.249,0.302,0.359,0.661,0.288,0.2,0.1,0,937.6,11255
Orlando Arcia,Brewers,142,595,552,135,27,5,12,60,60,34,114,3,18,8,0.245,0.291,0.377,0.668,0.288,1.9,0.4,0.8,289,13185
Nick Hundley,Giants,33,139,128,31,6,1,3,12,14,9,32,1,1,1,0.242,0.292,0.377,0.669,0.288,-1.1,-0.4,0.2,537.9,3376
Breyvic Valera,,2,7,6,2,0,0,0,1,1,0,1,0,0,0,0.269,0.318,0.334,0.652,0.288,0,0,0,999,sa546472
J.J. Hardy,Orioles,133,560,520,130,26,0,13,55,59,30,98,2,1,0,0.25,0.291,0.375,0.665,0.288,4.6,-1.2,1.2,563.3,3797
Daniel Robertson,Rays,48,203,181,43,8,1,2,20,16,16,41,4,1,1,0.238,0.312,0.333,0.646,0.287,-0.1,-0.1,0.3,999,14145
Alexi Amarista,Rockies,34,144,132,34,5,1,2,14,15,9,21,1,4,1,0.26,0.308,0.358,0.666,0.287,-0.4,0.3,-0.2,867.3,9063
Alberto Callaspo,,83,350,310,74,13,1,5,32,31,33,48,2,3,2,0.239,0.314,0.334,0.648,0.287,-2.9,-1.6,-0.2,999,3336
Franklin Barreto,Athletics,2,7,7,2,0,0,0,1,1,0,1,0,0,0,0.249,0.292,0.371,0.663,0.287,0,0,0,587.9,15519
Dawel Lugo,,2,7,7,2,0,0,0,1,1,0,1,0,0,0,0.259,0.282,0.387,0.669,0.287,0,0,0,999,sa659207
Tomas Telis,Marlins,15,64,60,16,3,0,1,6,6,3,8,0,1,0,0.264,0.303,0.36,0.662,0.287,0,0,0.1,999,10067
Ryan Flaherty,Orioles,83,350,313,70,13,1,10,37,37,28,88,4,2,1,0.223,0.294,0.367,0.661,0.287,-0.4,0.3,0.3,999,7888
Michael Taylor,Nationals,54,227,207,48,9,1,6,23,23,17,72,1,10,3,0.232,0.292,0.372,0.664,0.287,1,0.4,0,671.5,11489
Ryan Cordell,,2,7,6,2,0,0,0,1,1,0,2,0,0,0,0.235,0.28,0.386,0.666,0.286,0,0,0,999,sa737938
Austin Romine,Yankees,30,128,119,29,6,0,3,14,15,6,24,1,1,0,0.246,0.286,0.379,0.666,0.286,-0.8,0,0.2,827.7,5491
Travis Jankowski,Padres,150,630,563,138,22,5,5,70,39,55,137,3,38,16,0.245,0.315,0.327,0.642,0.286,9.3,1.9,0.9,287.6,13768
Kevin Plawecki,Mets,15,64,58,14,3,0,1,6,6,4,11,1,0,0,0.243,0.3,0.358,0.657,0.286,0.1,0,0.2,917.7,13807
Wilmer Difo,Nationals,31,129,120,31,6,1,2,14,13,6,24,1,6,2,0.256,0.297,0.362,0.659,0.286,0.2,0.5,0.1,749.3,14320
Joey Wendle,Athletics,8,35,33,8,2,0,1,4,4,1,7,0,1,0,0.247,0.286,0.378,0.664,0.286,0.1,0,0.1,738.4,13853
Juan Lagares,Mets,42,176,163,41,8,1,3,17,16,8,34,2,3,2,0.254,0.296,0.367,0.663,0.286,2.4,0.1,0.4,887.1,5384
Tim Beckham,Rays,92,385,353,82,15,5,8,39,37,24,113,3,5,4,0.233,0.285,0.376,0.661,0.286,-1.5,-0.8,0.4,725.9,7949
Mallex Smith,Rays,37,154,138,34,5,2,2,17,13,12,34,1,12,5,0.243,0.307,0.34,0.647,0.285,1.2,0.4,0.1,339.9,13608
Max Moroff,Pirates,2,7,6,1,0,0,0,1,1,1,2,0,0,0,0.221,0.31,0.33,0.64,0.285,0,0,0,999,14556
Dixon Machado,Tigers,22,91,82,20,4,0,1,9,7,7,14,1,2,1,0.247,0.308,0.336,0.644,0.285,0.8,0,0.2,999,11472
Giovanny Urshela,Indians,8,35,33,8,2,0,1,4,4,1,5,0,0,0,0.253,0.285,0.376,0.661,0.285,0.3,0,0,944.1,10681
Roman Quinn,Phillies,36,150,136,32,5,1,2,17,13,11,38,1,9,4,0.239,0.3,0.348,0.648,0.285,-0.1,0.3,0,437.5,13546
Ronald Guzman,,5,21,20,5,1,0,0,2,2,1,5,0,0,0,0.242,0.286,0.375,0.66,0.285,0,0,0,999,sa659670
Curt Casali,Rays,8,32,28,6,1,0,1,3,3,3,9,0,0,0,0.208,0.296,0.347,0.643,0.285,-0.1,0,0.1,708,12510
Tony Wolters,Rockies,91,384,345,84,16,2,5,35,35,30,90,3,4,3,0.242,0.306,0.343,0.649,0.285,2.4,-0.1,0.2,463.1,11470
Billy Hamilton,Reds,125,525,477,119,19,4,6,64,35,37,101,2,56,14,0.249,0.303,0.343,0.647,0.284,9.6,7.3,1.8,96.2,10199
Socrates Brito,Diamondbacks,37,156,148,37,6,2,3,16,16,6,33,0,4,2,0.251,0.279,0.385,0.665,0.284,1.1,0.1,-0.1,733.1,12944
Freddy Galvis,Phillies,57,240,223,54,10,2,6,24,25,12,48,1,4,2,0.244,0.282,0.383,0.666,0.284,0.8,0.3,0.3,337.4,6609
Kevan Smith,White Sox,15,64,58,13,2,0,2,7,6,4,14,1,0,0,0.232,0.292,0.359,0.651,0.284,-0.1,-0.1,0.1,921,12284
Ildemaro Vargas,Diamondbacks,2,7,6,2,0,0,0,1,1,0,1,0,0,0,0.26,0.3,0.351,0.651,0.284,0,0,0,999,13324
Chad Pinder,Athletics,10,42,39,9,2,0,1,4,4,2,10,1,0,0,0.241,0.281,0.376,0.656,0.284,-0.2,0,0,863.9,15191
Hunter Dozier,Royals,13,56,51,12,3,0,1,6,6,4,15,0,1,0,0.229,0.287,0.366,0.653,0.283,-0.1,0,-0.1,686.2,15117
Drew Stubbs,Giants,67,280,248,53,9,2,7,30,25,26,98,2,11,4,0.215,0.293,0.353,0.646,0.283,-1.4,1.1,0.1,949,9328
Andrew Knapp,Phillies,38,160,146,33,7,1,3,16,16,12,45,1,1,1,0.23,0.291,0.359,0.649,0.283,-0.5,-0.2,0.2,901.5,14942
Michael Reed,Brewers,5,21,18,4,1,0,0,2,2,2,6,0,1,0,0.213,0.308,0.327,0.634,0.283,0,0,0,879,13228
Jesmuel Valentin,,2,7,6,2,0,0,0,1,1,0,1,0,0,0,0.243,0.295,0.354,0.649,0.283,0,0,0,999,sa657867
Mitch Garver,,3,13,12,3,1,0,0,1,1,1,3,0,0,0,0.232,0.298,0.346,0.644,0.283,0,0,0,999,sa578988
Kelby Tomlinson,Giants,29,120,108,28,4,1,1,11,9,9,22,1,4,2,0.254,0.315,0.323,0.638,0.283,-0.1,0.2,0.1,874.3,13005
Elias Diaz,Pirates,15,64,59,15,3,0,1,6,6,4,11,0,0,0,0.247,0.296,0.351,0.647,0.283,0,-0.1,0.1,906.9,11680
Francisco Pena,Orioles,8,32,30,7,1,0,1,3,4,1,6,0,0,0,0.237,0.276,0.381,0.657,0.283,0.2,0,0.1,999,8298
Zach Granite,Twins,12,49,45,12,2,0,0,5,4,3,6,0,3,1,0.259,0.305,0.337,0.642,0.282,0.1,0,0,934.6,15343
James McCann,Tigers,99,416,385,93,17,2,9,39,44,21,102,4,2,1,0.241,0.286,0.365,0.65,0.282,5.8,-1,1.4,321.7,12859
Alcides Escobar,Royals,153,644,601,159,26,5,6,66,52,25,85,5,17,5,0.264,0.297,0.354,0.651,0.282,0.3,1.9,0.9,329.3,6310
Chris Stewart,Pirates,46,192,171,43,7,0,2,15,15,15,30,3,1,0,0.249,0.318,0.318,0.636,0.282,-0.7,-0.3,0.3,944.6,3878
Richard Urena,,3,14,13,3,1,0,0,1,2,0,3,0,0,0,0.247,0.276,0.385,0.66,0.282,-0.1,0,0,999,sa736829
Rafael Ynoa,Rockies,12,50,46,12,2,0,0,4,4,3,9,0,1,0,0.256,0.303,0.343,0.645,0.282,-0.1,-0.1,-0.1,999,2832
Jaycob Brugman,Athletics,5,21,19,5,1,0,0,2,2,1,5,0,0,0,0.236,0.292,0.355,0.647,0.282,-0.1,0,0,999,14936
Ben Revere,Angels,57,238,223,60,7,2,1,27,16,10,24,2,11,3,0.271,0.305,0.337,0.642,0.282,-0.7,1.1,0,346.7,4712
Erick Aybar,Padres,100,420,387,99,20,2,4,40,35,23,52,4,7,4,0.257,0.303,0.346,0.649,0.281,-3.2,-0.3,0.2,775.2,4082
John Ryan Murphy,Twins,20,83,76,18,4,0,2,8,8,5,18,0,0,0,0.239,0.287,0.361,0.648,0.281,-0.2,0,0.1,783.7,10346
Christian Bethancourt,Padres,77,325,306,75,15,0,8,32,36,14,70,1,4,3,0.247,0.279,0.377,0.656,0.281,0.7,-0.4,0.3,796,10028
John Hicks,Tigers,3,13,12,3,1,0,0,1,1,1,3,0,0,0,0.242,0.283,0.366,0.649,0.281,0.1,0,0,854.8,12547
Ramon Cabrera,,38,160,148,38,7,0,2,14,15,9,23,1,1,1,0.257,0.3,0.342,0.642,0.281,-0.6,-0.2,0.2,999,10327
Chris Gimenez,Twins,30,128,115,26,5,0,3,13,11,10,32,1,1,1,0.226,0.292,0.347,0.639,0.281,-0.7,-0.3,0.1,954,7324
Carson Kelly,Cardinals,1,6,6,1,0,0,0,1,1,0,1,0,0,0,0.243,0.29,0.353,0.644,0.281,0,0,0,778.5,13620
Destin Hood,Marlins,32,135,126,30,7,1,3,13,14,7,36,1,2,1,0.236,0.279,0.37,0.649,0.28,0.2,-0.1,-0.1,999,9887
Darwin Barney,Blue Jays,63,266,244,60,11,1,4,27,23,16,40,2,3,2,0.246,0.296,0.346,0.642,0.28,2.4,0.1,0.3,767.1,2430
Mason Williams,Yankees,5,21,19,5,1,0,0,2,2,1,4,0,0,0,0.245,0.292,0.35,0.643,0.28,0.1,0,0,991,11859
Nate McLouth,,58,245,217,47,10,1,5,23,23,21,59,3,4,2,0.216,0.294,0.339,0.633,0.279,-1,0.2,-0.4,999,3190
JaCoby Jones,Tigers,87,364,334,76,13,3,9,37,37,22,116,4,9,5,0.227,0.28,0.364,0.644,0.279,0.1,-0.2,0.1,999,14818
Matt Davidson,White Sox,83,350,313,65,13,0,12,38,36,29,118,4,1,0,0.207,0.281,0.36,0.641,0.279,-0.2,0,-0.9,829.9,7226
Rafael Bautista,Nationals,2,7,6,2,0,0,0,1,1,0,1,0,0,0,0.258,0.303,0.33,0.632,0.279,0,0,0,999,15769
Mel Rojas Jr.,,5,22,20,5,1,0,0,2,2,2,6,0,0,0,0.227,0.287,0.354,0.641,0.278,0,0,0,999,sa548194
Adeiny Hechavarria,Rays,143,602,559,144,22,7,5,54,50,33,86,2,5,3,0.258,0.299,0.347,0.646,0.278,2.2,-0.6,0.5,647.4,10459
D.J. Peterson,,7,28,26,6,1,0,1,3,3,1,8,0,0,0,0.221,0.269,0.376,0.644,0.278,0,0,-0.1,999,sa549926
Hanser Alberto,Rangers,20,84,80,21,4,0,1,8,8,2,11,1,1,1,0.259,0.281,0.364,0.645,0.278,0.7,-0.1,0.1,967,11902
Colin Moran,Astros,8,35,32,7,1,0,1,3,3,2,9,0,0,0,0.234,0.29,0.346,0.636,0.278,0.1,0,0,880.5,16909
Peter Bourjos,Rays,55,231,210,49,9,3,4,25,19,14,61,3,5,3,0.231,0.286,0.357,0.643,0.278,1.3,0.1,0,874.7,2578
Jake Marisnick,Astros,85,357,329,76,16,2,8,40,35,17,97,4,16,6,0.231,0.277,0.367,0.644,0.278,4.2,0.8,0.4,821.4,11339
Leury Garcia,White Sox,53,224,207,52,7,2,3,23,19,12,52,2,10,5,0.249,0.294,0.347,0.64,0.278,0.2,0.2,0.1,939.1,5913
Alexei Ramirez,,100,420,396,99,20,1,6,39,41,17,52,3,10,5,0.251,0.286,0.358,0.643,0.278,-6.1,-0.7,-0.4,801.3,5133
Nick Ahmed,Diamondbacks,93,390,358,86,16,3,6,35,33,23,68,3,7,4,0.24,0.289,0.352,0.64,0.277,3.9,0.4,0.2,860.5,12147
Yolmer Sanchez,White Sox,30,126,117,28,5,1,2,12,12,6,27,1,2,1,0.24,0.283,0.354,0.637,0.277,0.9,-0.1,0.1,927.6,11602
Omar Narvaez,White Sox,91,384,349,86,13,0,4,37,30,29,54,2,2,1,0.247,0.305,0.318,0.623,0.276,-1.7,-0.3,0.4,720.7,13338
Shawn O'Malley,Mariners,38,161,145,34,5,1,2,16,13,12,33,2,5,2,0.236,0.298,0.324,0.622,0.276,-0.4,0.2,0,871.8,9629
Caleb Joseph,Orioles,46,192,176,40,7,0,5,19,19,11,43,1,1,1,0.228,0.278,0.358,0.636,0.276,1.8,-0.3,0.4,861,7087
Jorge Alfaro,Phillies,23,96,90,20,4,0,3,10,10,4,29,1,1,1,0.228,0.27,0.37,0.64,0.276,-0.3,-0.1,0.1,484.7,12180
Chris Bostick,Pirates,2,7,6,2,0,0,0,1,1,0,2,0,0,0,0.234,0.282,0.351,0.633,0.275,0,0,0,999,13718
Juan Graterol,Angels,8,32,30,8,1,0,0,3,3,1,5,0,0,0,0.254,0.283,0.35,0.633,0.275,0,0,0,999,5398
Sam Fuld,,125,525,466,103,20,5,7,52,44,48,93,3,16,5,0.221,0.296,0.326,0.622,0.275,1.6,0.9,0.1,999,8254
Miguel Rojas,Marlins,49,206,189,47,9,1,2,20,17,11,27,2,2,2,0.25,0.296,0.335,0.631,0.275,0.5,-0.3,0,871.5,7802
Danny Espinosa,Angels,138,581,515,107,20,1,17,59,58,44,183,14,8,3,0.208,0.286,0.352,0.638,0.275,3.8,1,0.8,366.5,9219
Michael Bourn,Orioles,83,350,318,76,11,3,3,34,26,25,83,1,10,5,0.239,0.296,0.325,0.621,0.274,-1.5,0.5,-0.2,823.3,6387
Martin Maldonado,Angels,91,384,334,71,12,0,9,35,39,39,96,6,1,1,0.212,0.302,0.331,0.634,0.274,2.3,-0.3,1,657.7,6887
Anthony Alford,Blue Jays,3,14,13,3,1,0,0,1,1,1,5,0,0,0,0.213,0.286,0.335,0.62,0.274,0,0,0,840,14329
Allen Cordoba,Padres,29,120,111,27,5,1,1,12,10,6,16,1,5,2,0.245,0.29,0.335,0.625,0.274,0.2,0.1,0.1,999,15722
Eric Fryer,Cardinals,37,154,137,32,6,1,1,15,13,13,34,1,2,1,0.232,0.302,0.311,0.613,0.274,0.3,-0.2,0.2,917.5,8145
Cam Gallagher,,3,13,12,3,1,0,0,1,1,1,2,0,0,0,0.23,0.29,0.33,0.62,0.273,0.1,0,0,999,sa597771
Ryan LaMarre,Athletics,7,28,26,6,1,0,1,3,2,2,8,0,1,0,0.226,0.281,0.343,0.623,0.273,0.1,0,0,952,10700
Jack Reinheimer,,2,7,6,2,0,0,0,1,1,0,1,0,0,0,0.242,0.293,0.325,0.618,0.272,0,0,0,999,sa549854
Carlos Perez,Angels,61,256,236,55,13,0,4,25,28,14,45,1,2,1,0.233,0.278,0.346,0.624,0.272,1.6,-0.2,0.6,999,10642
Raul Mondesi,Royals,108,455,423,97,15,7,9,47,44,22,121,3,25,10,0.23,0.271,0.359,0.63,0.272,0.4,1.4,-0.1,361.9,13769
Chase d'Arnaud,Padres,61,258,237,56,10,2,3,24,21,14,49,3,10,4,0.236,0.287,0.333,0.62,0.271,-0.7,0.3,-0.3,936.5,6652
Rene Rivera,Mets,43,179,163,37,7,0,4,14,19,11,44,2,0,0,0.224,0.279,0.345,0.624,0.27,1.3,-0.4,0.3,841.4,3648
Drew Butera,Royals,27,115,105,23,5,1,2,11,10,7,28,1,1,0,0.224,0.279,0.338,0.617,0.27,-0.6,-0.2,0,882.7,3411
Tuffy Gosewisch,Mariners,5,19,18,4,1,0,0,2,2,1,4,0,0,0,0.227,0.272,0.35,0.622,0.27,0.1,0,0,999,5277
Emilio Bonifacio,Braves,23,98,90,22,3,1,1,10,8,6,21,0,5,2,0.247,0.296,0.315,0.611,0.27,-0.8,0.2,-0.2,962.6,4054
J.T. Riddle,Marlins,3,14,13,3,1,0,0,1,1,1,2,0,0,0,0.248,0.285,0.332,0.617,0.269,0,0,0,999,17642
Trevor Brown,Giants,8,32,30,7,1,0,0,3,3,2,6,0,0,0,0.236,0.283,0.33,0.613,0.269,-0.1,0,0,849.6,13895
Austin Nola,,3,13,12,3,1,0,0,1,1,1,2,0,0,0,0.233,0.294,0.313,0.607,0.269,0.1,0,0,999,sa577789
Amed Rosario,,2,7,7,2,0,0,0,1,1,0,2,0,0,0,0.237,0.282,0.335,0.617,0.268,0,0,0,999,sa732115
Andrew Romine,Tigers,87,364,331,78,10,2,3,37,28,23,77,4,12,4,0.237,0.294,0.31,0.603,0.268,2.4,0.8,0.1,843.4,1159
Adam Engel,White Sox,7,28,25,5,1,0,0,3,2,2,8,0,2,1,0.216,0.282,0.325,0.606,0.268,0.2,0,0,902.7,15082
Tomas Nido,,3,13,12,3,1,0,0,1,1,0,3,0,0,0,0.233,0.265,0.356,0.621,0.268,0.1,0,0,999,sa658115
Ryan Goins,Blue Jays,48,203,186,43,9,1,2,19,18,12,45,1,2,1,0.232,0.278,0.334,0.611,0.267,0.8,-0.2,-0.1,921.8,9807
Adam Moore,Indians,5,19,18,4,1,0,0,2,2,1,5,0,0,0,0.226,0.275,0.337,0.613,0.267,0,0,0,999,9362
Ramon Torres,Royals,3,14,13,3,1,0,0,1,1,1,2,0,0,0,0.249,0.284,0.325,0.609,0.267,0,0,0,999,14113
Jose Rondon,Padres,8,35,33,8,1,0,0,3,3,1,6,0,1,1,0.245,0.277,0.339,0.616,0.267,0.1,0,0,999,14140
Kyle Farmer,,3,13,12,3,1,0,0,1,1,1,2,0,0,0,0.231,0.275,0.339,0.614,0.267,0,0,0,999,sa620958
Edmundo Sosa,,2,7,7,2,0,0,0,1,1,0,1,0,0,0,0.241,0.277,0.333,0.61,0.267,0,0,0,999,sa736859
Jacob Hannemann,,3,14,13,3,1,0,0,1,1,1,4,0,1,0,0.221,0.27,0.341,0.611,0.267,0,0,0,999,sa550326
Cliff Pennington,Angels,37,154,137,30,5,1,2,14,11,13,35,1,2,0,0.22,0.293,0.306,0.599,0.266,0.4,0.1,0.1,999,3395
Max Stassi,Astros,8,32,30,6,1,0,1,3,3,2,10,0,0,0,0.211,0.26,0.351,0.611,0.265,0,0,0,902.8,10059
Jonathan Herrera,,50,210,194,46,8,1,2,17,18,11,39,2,3,2,0.238,0.282,0.322,0.604,0.265,-1.4,-0.2,-0.4,999,4182
Matt Reynolds,Mets,12,49,45,10,2,0,1,5,4,3,12,0,1,0,0.226,0.277,0.325,0.603,0.265,0.1,0,0,928.1,13788
Michael Martinez,Rays,37,154,143,34,6,1,2,15,13,8,32,1,2,2,0.238,0.281,0.325,0.607,0.265,-0.9,-0.4,-0.3,826,7358
Stuart Turner,Reds,8,32,29,6,1,0,1,3,3,2,7,0,0,0,0.217,0.279,0.319,0.598,0.264,0.1,0,0,999,15207
Johan Camargo,Braves,5,21,19,5,1,0,0,2,2,1,4,0,0,0,0.238,0.274,0.332,0.607,0.264,0,0,0,999,14950
Franchy Cordero,Padres,17,70,65,15,2,1,1,6,6,4,20,1,2,1,0.224,0.269,0.339,0.608,0.263,0.1,-0.1,-0.1,999,14567
Magneuris Sierra,Cardinals,2,7,7,2,0,0,0,1,1,0,2,0,0,0,0.246,0.274,0.328,0.602,0.262,0,0,0,999,17023
Luis Torrens,Padres,8,32,29,6,1,0,0,3,3,2,7,0,0,0,0.212,0.275,0.318,0.593,0.262,0,-0.1,0,999,15905
Deven Marrero,Red Sox,8,35,32,7,1,0,0,3,3,2,9,0,1,0,0.23,0.282,0.311,0.593,0.262,-0.1,0,0,999,13325
Kaleb Cowart,Angels,7,28,26,6,1,0,0,3,3,2,7,0,1,0,0.221,0.272,0.328,0.599,0.261,0.1,0,0,923.8,11494
Luis Sardinas,Padres,33,140,130,32,5,1,1,12,11,7,25,1,3,2,0.245,0.284,0.314,0.598,0.261,-0.9,0,-0.2,783.8,13153
Orlando Calixte,Giants,3,14,13,3,1,0,0,1,1,1,3,0,0,0,0.227,0.271,0.329,0.599,0.261,0.1,0,0,999,11905
Craig Gentry,Orioles,25,105,95,21,3,0,1,10,7,8,22,1,4,1,0.226,0.29,0.292,0.582,0.26,1,0.4,-0.1,971,9571
Craig Gentry,Orioles,67,280,252,57,8,1,2,28,19,20,59,3,11,4,0.226,0.29,0.292,0.582,0.26,2.7,1.1,-0.5,971,9571
Jacob May,White Sox,108,455,424,99,18,2,5,43,35,22,109,3,23,12,0.233,0.275,0.315,0.59,0.26,3.5,-0.2,-0.3,757.3,14876
Jorge Mateo,,2,7,7,1,0,0,0,1,1,0,2,0,0,0,0.222,0.265,0.33,0.595,0.259,0,0,0,999,sa657910
Robert Andino,Marlins,2,7,7,1,0,0,0,1,1,0,2,0,0,0,0.224,0.265,0.325,0.59,0.258,0,0,0,999,4900
Jeff Mathis,Diamondbacks,38,160,147,31,6,1,3,13,17,9,47,1,0,0,0.209,0.26,0.332,0.592,0.256,1.2,-0.1,-0.1,949.9,3448
Engelb Vielma,,2,7,6,2,0,0,0,1,0,0,1,0,0,0,0.235,0.284,0.286,0.57,0.254,0,0,0,999,sa657416
Jesus Sucre,Rays,23,96,90,21,4,0,1,8,7,4,17,1,1,1,0.238,0.271,0.307,0.578,0.254,0.9,-0.2,0.1,868,5942
Tyler Ladendorf,,25,105,97,22,4,0,1,10,8,6,23,1,1,1,0.222,0.271,0.304,0.575,0.254,0.1,-0.1,-0.2,999,3211
Nolan Fontana,Angels,3,14,12,2,1,0,0,1,1,1,4,0,0,0,0.194,0.284,0.269,0.553,0.252,0,0,0,999,13267
Gift Ngoepe,Pirates,2,7,6,1,0,0,0,1,1,1,2,0,0,0,0.195,0.261,0.305,0.566,0.25,0,0,0,999,10340
Yefri Perez,Marlins,3,14,13,3,0,0,0,1,1,1,3,0,1,0,0.228,0.275,0.282,0.557,0.248,0.1,0,0,883.9,12090
Yadiel Rivera,Brewers,9,36,34,7,1,0,0,3,3,1,9,0,1,0,0.219,0.255,0.307,0.562,0.246,0.1,-0.1,-0.1,999,11863
Bubba Starling,,2,7,6,1,0,0,0,1,1,0,2,0,0,0,0.199,0.247,0.315,0.562,0.245,0,0,0,999,sa597751
Terrance Gore,Royals,40,168,152,33,4,1,0,15,10,10,40,2,16,4,0.216,0.274,0.256,0.531,0.24,-1.1,1.7,-0.7,975,13658
J.B. Shuck,White Sox,0,0,0,0,0,0,0,0,0,0,0,0,0,0,0,0,0,0,0,0,0,0,999,6677
Steve Tolleson,Blue Jays,0,0,0,0,0,0,0,0,0,0,0,0,0,0,0,0,0,0,0,0,0,0,999,4450
Alfredo Gonzalez,,0,0,0,0,0,0,0,0,0,0,0,0,0,0,0,0,0,0,0,0,0,0,999,sa505301
Willy Garcia,White Sox,0,0,0,0,0,0,0,0,0,0,0,0,0,0,0,0,0,0,0,0,0,0,999,12956
