Name,Team,W,L,SV,HLD,ERA,GS,G,IP,H,ER,HR,SO,BB,WHIP,K/9,BB/9,FIP,WAR,ADP,playerid
Andrew Miller,Indians,6,2,12,15,2.04,0,65,65,43,15,6,103,16,0.92,14.21,2.28,2.08,2.6,128,6785
Kenley Jansen,Dodgers,3,2,34,7,2.38,0,65,65,44,17,6,96,15,0.91,13.23,2.08,2.22,2.6,54,3096
Dellin Betances,Yankees,5,2,1,16,2.41,0,65,65,42,17,5,103,25,1.04,14.24,3.49,2.29,2.4,201.3,6216
Clayton Kershaw,Dodgers,16,7,0,0,2.34,31,31,208,162,54,17,253,34,0.94,10.92,1.47,2.35,7.3,4.4,2036
Aroldis Chapman,Yankees,4,2,35,4,2.34,0,65,65,41,17,6,105,26,1.04,14.58,3.63,2.44,2.3,52.3,10233
Edwin Diaz,Mariners,4,3,34,5,2.77,0,65,65,50,20,7,89,18,1.05,12.34,2.5,2.67,1.9,88.7,14710
Zach Britton,Orioles,3,2,35,3,2.38,0,65,65,53,17,4,74,20,1.11,10.27,2.72,2.71,2,64.1,3240
Noah Syndergaard,Mets,14,9,0,0,3.01,32,32,195,164,65,18,230,47,1.09,10.64,2.18,2.78,5.6,17.7,11762
Wade Davis,Cubs,5,2,30,9,2.52,0,65,65,48,18,6,84,23,1.08,11.61,3.12,2.85,1.7,91.9,7441
Ken Giles,Astros,4,3,32,5,3.03,0,65,65,51,22,6,87,23,1.14,12.07,3.21,2.88,1.7,111.2,12910
Seung Hwan Oh,Cardinals,4,2,32,6,2.92,0,65,65,54,21,6,77,17,1.08,10.63,2.3,2.89,1.7,76.5,18719
Brett Cecil,Cardinals,4,3,1,14,3,0,55,55,46,18,5,66,18,1.15,10.8,2.92,2.9,1,674.3,2660
Mark Melancon,Giants,3,2,34,6,2.64,0,65,65,57,19,5,63,14,1.1,8.66,2,2.92,1.3,83.9,4264
Stephen Strasburg,Nationals,13,8,0,0,3.2,29,29,174,150,62,19,205,44,1.11,10.58,2.25,3.01,4.4,53.7,10131
Max Scherzer,Nationals,15,8,0,0,3.08,31,31,206,168,71,23,247,52,1.07,10.81,2.25,3.01,5.7,12.7,3137
Grant Dayton,Dodgers,4,2,2,17,2.93,0,65,65,51,21,7,84,19,1.08,11.62,2.7,3.04,1.5,463.8,11203
Kyle Barraclough,Marlins,4,3,4,18,3.07,0,65,65,46,22,4,89,39,1.3,12.3,5.34,3.07,1.2,304.9,13713
Shawn Kelley,Nationals,4,3,20,9,3.2,0,65,65,53,23,7,80,20,1.11,11.14,2.75,3.09,1.4,326.4,7773
Craig Kimbrel,Red Sox,4,2,33,6,3.01,0,65,65,48,22,6,91,29,1.18,12.63,3.97,3.09,1.4,87.1,6655
Carter Capps,Padres,2,1,7,6,2.98,0,45,45,35,15,4,60,17,1.16,11.91,3.47,3.1,0.5,320.7,12803
Koji Uehara,Cubs,4,3,1,18,3.06,0,55,55,43,19,6,66,14,1.04,10.79,2.34,3.12,1,625,9227
Liam Hendriks,Athletics,2,2,0,8,3.42,0,40,40,37,15,4,41,9,1.15,9.22,1.96,3.14,0.4,789.9,3548
Sean Doolittle,Nationals,4,3,12,11,3.3,0,65,65,53,24,9,80,15,1.06,11.12,2.15,3.14,1.5,391,1581
Felix Jorge,Twins,0,0,0,0,0,0,0,0,0,0,0,0,0,0,0,0,3.15,0,999,14532
Mike Pelfrey,White Sox,0,0,0,0,0,0,0,0,0,0,0,0,0,0,0,0,3.15,0,999,5203
Trevor May,Twins,0,0,0,0,0,0,0,0,0,0,0,0,0,0,0,0,3.15,0,708.3,6398
Fernando Romero,,0,0,0,0,0,0,0,0,0,0,0,0,0,0,0,0,3.15,0,999,sa657418
Chase Johnson,,0,0,0,0,0,0,0,0,0,0,0,0,0,0,0,0,3.15,0,999,sa549740
Randy Rosario,Twins,0,0,0,0,0,0,0,0,0,0,0,0,0,0,0,0,3.15,0,999,14508
Madison Bumgarner,Giants,16,10,0,0,3,34,34,224,193,75,23,237,50,1.09,9.53,2.02,3.16,5.1,14.3,5524
Chris Sale,Red Sox,17,9,0,0,3.14,32,32,220,194,77,23,238,46,1.09,9.76,1.88,3.17,5.5,19.9,10603
Pedro Strop,Cubs,3,2,0,12,2.92,0,45,45,34,15,4,54,17,1.15,10.89,3.48,3.18,0.5,590.4,4070
Hector Rondon,Cubs,5,2,8,14,3.07,0,65,65,56,22,6,69,17,1.11,9.58,2.31,3.18,1.3,352.1,2391
Kelvin Herrera,Royals,4,3,34,3,3.01,0,65,65,56,22,6,71,19,1.15,9.85,2.67,3.18,1.3,115.6,6033
Cody Allen,Indians,4,3,19,9,3.11,0,65,65,51,22,7,85,25,1.17,11.73,3.42,3.19,1.3,123.1,12183
Jeurys Familia,Mets,3,2,27,10,3.07,0,65,65,56,22,5,69,24,1.23,9.57,3.35,3.21,1.2,130.9,5114
Josh Fields,Dodgers,1,1,0,1,3.45,0,25,25,21,10,2,29,8,1.18,10.52,3.04,3.21,0.1,999,5070
James Hoyt,Astros,1,1,0,1,3.21,0,25,25,20,9,3,32,9,1.18,11.39,3.31,3.21,0.1,928.5,14605
Corey Kluber,Indians,16,9,0,0,3.26,32,32,216,191,78,23,231,52,1.13,9.64,2.18,3.22,5.2,24.5,2429
Hunter Strickland,Giants,4,3,2,18,3.09,0,65,65,57,22,6,67,18,1.15,9.26,2.5,3.23,0.9,383,7836
Carlos Carrasco,Indians,14,9,0,0,3.33,31,31,188,170,70,20,200,46,1.15,9.55,2.18,3.24,4.4,59.9,6632
Addison Reed,Red Sox,3,3,10,13,3.36,0,65,65,57,24,7,71,18,1.15,9.79,2.44,3.25,1.1,255.2,10586
Felipe Rivero,Pirates,3,2,1,17,3.28,0,55,55,48,20,4,60,21,1.24,9.74,3.37,3.26,0.7,608.9,12076
Josh Smoker,Mets,2,2,0,9,3.37,0,40,40,33,15,4,50,15,1.2,11.22,3.34,3.32,0.3,967.8,10285
Alex Colome,Rays,4,3,32,4,3.13,0,65,65,56,23,7,72,19,1.15,9.92,2.61,3.32,1.1,121.3,6661
Roberto Osuna,Blue Jays,4,2,35,2,3.14,0,65,65,54,23,8,75,17,1.09,10.33,2.3,3.34,1.5,99.7,13764
Chris Archer,Rays,14,10,0,0,3.4,32,32,199,172,75,21,219,65,1.19,9.89,2.93,3.34,4.2,50.5,6345
David Robertson,Yankees,4,3,32,3,3.46,0,65,65,54,25,7,82,25,1.21,11.32,3.5,3.36,1.4,147,8241
Jacob deGrom,Mets,11,9,0,0,3.44,29,29,182,167,69,19,179,46,1.17,8.89,2.29,3.36,3.9,61,10954
Nate Jones,White Sox,4,3,3,14,3.17,0,65,65,54,23,8,75,18,1.12,10.43,2.56,3.36,1.3,274.2,4696
Cam Bedrosian,Angels,3,2,26,7,3.25,0,65,65,53,23,6,77,28,1.25,10.68,3.83,3.37,1,216.4,13360
Jon Lester,Cubs,15,9,0,0,3.25,32,32,209,184,76,22,208,53,1.13,8.95,2.28,3.38,4.5,34.2,4930
Greg Holland,Rockies,4,2,22,8,3.54,0,65,65,55,26,6,78,31,1.32,10.83,4.24,3.38,1.4,271.4,7196
Tony Zych,Mariners,1,1,0,1,3.31,0,25,25,22,9,3,28,8,1.2,10.2,2.91,3.39,0.1,853,12876
Trevor Rosenthal,Cardinals,3,3,2,16,3.26,0,55,55,46,20,5,67,27,1.33,11.04,4.46,3.39,0.7,458.7,10745
Brad Hand,Padres,3,3,3,15,3.36,0,65,65,56,24,6,73,25,1.23,10.09,3.4,3.39,1,531.8,9111
Carson Smith,Red Sox,2,1,0,8,3.32,0,40,40,36,15,3,43,14,1.26,9.62,3.26,3.39,0.3,895.4,13172
Junichi Tazawa,Marlins,3,2,1,11,3.47,0,45,45,40,17,5,45,12,1.17,8.99,2.47,3.4,0.4,961.5,4079
Keone Kela,Rangers,4,3,0,10,3.39,0,45,45,38,17,5,55,18,1.23,10.91,3.53,3.41,0.4,753,14696
David Price,Red Sox,10,6,0,0,3.5,21,21,138,132,54,16,137,29,1.16,8.9,1.87,3.41,3,116.2,3184
Yu Darvish,Dodgers,14,9,0,0,3.54,32,32,193,171,76,22,225,64,1.22,10.49,2.98,3.42,4.4,36.7,13074
Gerrit Cole,Pirates,13,10,0,0,3.57,31,31,185,180,74,17,170,49,1.24,8.26,2.38,3.42,3.7,104.7,13125
Michael Pineda,Yankees,10,8,0,0,3.74,26,26,148,141,62,18,155,33,1.17,9.41,2.03,3.43,3.3,195.9,5372
Johnny Cueto,Giants,14,10,0,0,3.23,32,32,218,203,78,20,186,51,1.17,7.66,2.11,3.44,4,38.7,6893
Raisel Iglesias,Reds,4,3,16,14,3.24,0,65,65,56,23,7,72,20,1.17,10.03,2.8,3.45,1.2,198.6,17130
Derek Law,Giants,3,3,2,19,3.4,0,55,55,50,21,5,53,18,1.24,8.73,3,3.45,0.5,660.1,13133
Jake Arrieta,Cubs,14,9,0,0,3.28,31,31,194,166,71,18,187,62,1.17,8.68,2.87,3.46,3.9,27.7,4153
Mychal Givens,Orioles,4,2,1,15,3.33,0,55,55,45,20,6,67,23,1.23,10.88,3.72,3.46,0.8,598.7,10430
Matt Bush,Rangers,5,3,4,14,3.48,0,65,65,58,25,7,68,20,1.21,9.46,2.76,3.46,1.2,999,1246
Adam Liberatore,Dodgers,1,1,0,1,3.42,0,20,20,17,8,2,22,7,1.21,9.87,3.2,3.47,0.1,766.9,10637
Steven Matz,Mets,8,8,0,0,3.5,23,23,131,122,51,14,132,38,1.21,9.03,2.59,3.48,2.6,173.3,13361
Chaz Roe,Rays,2,2,0,5,3.57,0,35,35,31,14,3,38,14,1.29,9.89,3.69,3.48,0.1,952.9,9866
Jerry Blevins,Mets,2,2,0,11,3.65,0,45,45,39,18,5,50,17,1.24,9.96,3.34,3.49,0.3,902.9,7841
Lance McCullers,Astros,10,8,0,0,3.45,26,26,149,131,57,15,172,64,1.3,10.39,3.87,3.49,3,153.1,14120
Pedro Baez,Dodgers,3,2,2,18,3.44,0,55,55,47,21,7,60,16,1.15,9.78,2.65,3.49,0.7,616.3,5420
Aaron Barrett,,4,3,0,0,3.58,0,65,65,58,26,6,69,23,1.25,9.56,3.22,3.5,0.2,999,11243
Justin Grimm,Cubs,2,2,0,9,3.43,0,40,40,33,15,4,46,17,1.25,10.46,3.77,3.51,0.3,987.4,11720
Will Harris,Astros,3,2,1,17,3.37,0,55,55,49,21,6,57,17,1.21,9.39,2.86,3.51,0.6,381.4,3192
Aaron Nola,Phillies,10,9,0,0,3.64,28,28,162,158,66,17,148,39,1.21,8.21,2.15,3.51,3.3,191.5,16149
Luke Gregerson,Astros,5,3,6,15,3.46,0,65,65,58,25,7,67,18,1.17,9.22,2.51,3.51,0.9,446.6,4090
Joe Kelly,Red Sox,3,2,3,15,3.5,0,65,65,60,25,6,69,24,1.29,9.56,3.34,3.51,0.9,658.5,9761
Miguel Socolovich,Cardinals,2,2,0,6,3.51,0,35,35,31,14,3,35,12,1.25,8.92,3.19,3.51,0.1,925.9,6697
Blake Treinen,Athletics,4,2,12,18,3.39,0,65,65,60,25,5,63,27,1.33,8.73,3.7,3.52,0.8,270.6,12572
Steven Okert,Giants,2,2,0,10,3.35,0,40,40,36,15,4,42,15,1.26,9.48,3.32,3.52,0.2,661.9,13580
Evan Scribner,Mariners,3,2,1,13,3.39,0,55,55,49,21,8,60,12,1.11,9.86,1.91,3.53,0.5,910.4,7525
Jim Johnson,Braves,4,4,14,10,3.71,0,65,65,63,27,6,61,21,1.3,8.4,2.94,3.54,0.7,227.4,3656
Daniel Winkler,Braves,1,1,0,1,3.49,0,20,20,18,8,2,21,7,1.24,9.62,3.13,3.54,0,999,12237
Julio Urias,Dodgers,7,5,0,0,3.43,19,19,112,100,43,11,116,38,1.23,9.32,3.05,3.54,2.2,202.3,14765
Brad Brach,Orioles,4,3,1,12,3.37,0,55,55,46,21,6,63,22,1.23,10.37,3.54,3.55,0.6,349.9,6627
Danny Barnes,Blue Jays,1,1,0,1,3.63,0,25,25,23,10,3,27,7,1.18,9.84,2.44,3.55,0.1,951.9,11388
Jameson Taillon,Pirates,10,9,0,0,3.64,29,29,174,176,70,18,146,37,1.23,7.56,1.93,3.55,3.1,152.6,11674
A.J. Ramos,Mets,3,3,32,5,3.33,0,65,65,53,24,5,73,33,1.31,10.08,4.52,3.55,0.9,140.1,8350
Xavier Cedeno,Rays,5,4,3,17,3.4,0,65,65,58,25,7,67,22,1.22,9.29,3,3.56,0.7,846.5,36
Chris Hatcher,Dodgers,2,2,0,3,3.52,0,30,30,27,12,3,32,10,1.21,9.56,2.89,3.56,0.2,999,3299
Cory Mazzoni,Padres,0,1,0,1,4.27,0,10,10,9,5,1,11,4,1.32,9.63,3.43,3.56,0,999,12537
Robbie Ray,Diamondbacks,11,9,0,0,3.68,29,29,164,149,67,19,191,64,1.29,10.47,3.5,3.57,3.2,201.8,11486
Dallas Keuchel,Astros,14,10,0,0,3.6,31,31,202,194,81,20,174,54,1.23,7.75,2.39,3.57,4,133.2,9434
Tony Watson,Dodgers,4,3,30,8,3.35,0,65,65,60,24,6,59,18,1.2,8.19,2.52,3.57,0.8,143,3132
Juan Nicasio,Pirates,3,3,1,15,3.72,0,55,55,51,23,6,58,20,1.29,9.44,3.28,3.57,0.5,615.5,7731
Rich Hill,Dodgers,11,7,0,0,3.29,24,24,140,118,51,14,152,51,1.2,9.73,3.28,3.57,2.7,130.1,4806
Sammy Solis,Nationals,3,2,1,11,3.35,0,45,45,40,17,4,48,18,1.28,9.59,3.54,3.58,0.3,913.2,11457
Corey Knebel,Brewers,3,3,4,14,3.61,0,65,65,55,26,7,79,27,1.27,10.97,3.79,3.58,1.1,383.8,15010
Carl Edwards Jr.,Cubs,3,2,0,15,3.41,0,55,55,41,21,5,71,31,1.3,11.65,5,3.58,0.4,467,13607
Carlos Martinez,Cardinals,14,11,0,0,3.46,32,32,201,186,77,18,191,70,1.28,8.56,3.14,3.59,3.5,60.5,11682
Ian Krol,Braves,2,2,1,13,3.57,0,55,55,50,22,6,60,21,1.29,9.77,3.43,3.6,0.4,919.2,10066
David Phelps,Mariners,4,3,1,13,3.36,3,58,74,65,28,7,70,26,1.23,8.55,3.15,3.6,0.7,338.8,6316
Joe Blanton,Nationals,4,3,1,14,3.51,0,55,55,50,21,6,56,16,1.2,9.11,2.58,3.6,0.4,653.4,4849
Steve Cishek,Rays,3,2,0,8,3.56,0,40,40,36,16,4,43,14,1.25,9.66,3.25,3.61,0.3,631.1,6483
Sergio Romo,Rays,3,2,1,15,3.48,0,55,55,49,21,8,58,13,1.13,9.5,2.07,3.61,0.5,647.6,9817
Daniel Coulombe,Athletics,1,1,0,5,3.69,0,35,35,31,14,3,37,16,1.35,9.44,4.02,3.62,0.1,972.9,13293
Archie Bradley,Diamondbacks,3,3,1,14,3.73,0,55,55,50,23,6,61,22,1.31,9.92,3.66,3.62,0.4,360.4,12918
Boone Logan,Indians,3,2,1,10,3.6,0,45,45,39,18,5,53,19,1.27,10.68,3.73,3.62,0.3,902.3,5525
Cory Gearrin,Giants,2,2,1,12,3.51,0,45,45,41,18,4,43,16,1.26,8.69,3.11,3.62,0.2,903.9,7947
Arodys Vizcaino,Braves,3,3,22,9,3.58,0,65,65,57,26,6,75,31,1.34,10.35,4.24,3.62,0.6,332.6,5498
Koda Glover,Nationals,3,2,6,15,3.65,0,55,55,50,22,6,57,17,1.21,9.35,2.75,3.63,0.6,358.1,17695
Kyle Hendricks,Cubs,12,8,0,0,3.46,29,29,172,160,66,18,148,42,1.17,7.73,2.18,3.63,3.2,70.7,12049
Kenta Maeda,Dodgers,11,9,0,0,3.57,26,26,154,142,61,18,145,39,1.18,8.53,2.31,3.64,2.8,106.5,18498
Marcus Stroman,Blue Jays,11,8,0,0,3.85,28,28,169,170,72,17,141,44,1.27,7.51,2.36,3.64,3.2,124.8,13431
Frankie Montas,Athletics,2,1,0,3,3.59,0,30,30,26,12,3,33,13,1.3,9.91,3.78,3.64,0.1,682.2,14309
Justin Wilson,Cubs,4,3,3,14,3.79,0,65,65,59,27,7,68,24,1.28,9.44,3.31,3.65,0.9,759.5,4301
Justin Verlander,Tigers,14,11,0,0,3.66,34,34,221,199,90,27,219,60,1.17,8.92,2.46,3.65,4.6,43.5,8700
Zach Putnam,White Sox,3,3,2,12,3.58,0,55,55,49,22,6,61,23,1.3,9.94,3.78,3.65,0.5,977,9080
Jacob Barnes,Brewers,2,2,0,5,3.73,0,35,35,32,15,4,36,13,1.29,9.27,3.32,3.65,0.1,813.1,12323
Gio Gonzalez,Nationals,11,9,0,0,3.8,29,29,165,159,69,16,155,58,1.32,8.47,3.17,3.65,2.9,271.4,7448
Tyler Lyons,Cardinals,2,1,0,3,3.41,0,30,30,27,11,4,30,8,1.16,9.13,2.28,3.65,0.1,847.2,11334
Edubray Ramos,Phillies,3,2,0,11,3.7,0,45,45,41,19,5,45,13,1.2,9.05,2.54,3.66,0.3,792.2,16086
Jeff Samardzija,Giants,11,10,0,0,3.68,31,31,196,190,80,20,165,48,1.21,7.55,2.2,3.66,3,196.1,3254
Glen Perkins,Twins,1,0,1,0,3.8,0,10,10,10,4,1,10,3,1.23,8.88,2.3,3.66,0,557.7,8041
Brandon Maurer,Royals,3,4,26,8,3.9,0,65,65,60,28,7,64,21,1.25,8.86,2.92,3.66,0.8,230.7,4878
Danny Salazar,Indians,12,9,0,0,3.63,29,29,170,151,69,21,187,60,1.24,9.91,3.16,3.67,3.3,119,5867
Andrew Chafin,Diamondbacks,3,2,3,15,3.53,0,55,55,51,22,5,52,22,1.32,8.53,3.57,3.67,0.6,999,12988
Sam Dyson,Giants,4,3,32,4,3.54,0,65,65,64,26,6,56,21,1.31,7.79,2.9,3.68,0.9,163.9,11710
Hector Neris,Phillies,3,3,8,14,3.57,0,65,65,56,26,7,74,25,1.25,10.28,3.53,3.68,0.8,226.4,11804
Fernando Salas,Mets,3,3,1,14,3.83,0,55,55,51,23,7,55,15,1.19,8.98,2.42,3.68,0.5,886.9,4971
Chris Devenski,Astros,3,2,0,14,3.58,2,57,64,60,26,8,63,17,1.19,8.81,2.33,3.68,0.7,319.4,12763
Garrett Richards,Angels,11,8,0,0,3.59,26,26,161,146,64,15,150,58,1.27,8.39,3.24,3.68,2.7,217.1,9784
James Paxton,Mariners,11,10,0,0,3.74,29,29,170,166,71,19,157,51,1.27,8.3,2.68,3.68,3,158,11828
Shawn Armstrong,Indians,2,1,0,5,3.53,0,35,35,29,14,4,44,18,1.33,11.22,4.52,3.68,0.1,999,12857
Jose De Leon,Rays,4,4,0,0,3.66,13,13,74,64,30,10,83,23,1.19,10.18,2.86,3.68,1.5,339.7,15463
Jose Quintana,Cubs,12,11,0,0,3.74,32,32,206,204,85,23,182,53,1.25,7.98,2.3,3.69,4.4,97.2,11423
Jonathan Holder,Yankees,2,2,0,5,3.78,0,35,35,32,15,5,37,9,1.19,9.51,2.4,3.7,0.1,957.3,16588
Joe Ross,Nationals,10,8,0,0,3.79,26,26,148,145,62,16,132,41,1.25,8.01,2.47,3.7,2.5,220.5,12972
Daniel Hudson,Pirates,3,3,8,13,3.91,0,65,65,63,28,7,61,22,1.31,8.44,3.08,3.72,0.8,417.4,7146
Adam Ottavino,Rockies,4,3,14,10,3.73,0,65,65,60,27,8,72,24,1.28,10.03,3.26,3.72,1,247.3,1247
Josh Hader,Brewers,1,1,0,1,3.77,2,12,19,17,8,2,23,8,1.3,10.75,3.92,3.72,0.2,433,14212
Paul Sewald,Mets,1,1,0,1,3.8,0,15,15,13,6,2,16,5,1.25,9.73,3.17,3.72,0,999,13892
Samuel Tuivailala,Cardinals,1,1,0,1,3.63,0,15,15,13,6,1,17,8,1.36,10.43,4.59,3.72,0,999,13485
Matt Harvey,Mets,8,7,0,0,3.79,24,24,146,137,62,15,125,41,1.22,7.7,2.54,3.73,2.7,158.9,11713
Dan Otero,Indians,3,2,1,13,3.65,0,55,55,58,22,6,40,11,1.25,6.55,1.82,3.73,0.4,771.6,7385
Nick Vincent,Mariners,3,3,1,15,3.68,0,55,55,50,22,7,57,16,1.21,9.38,2.67,3.73,0.6,800.3,7555
Matt Bowman,Cardinals,2,2,0,9,3.73,0,40,40,40,17,4,31,12,1.3,7.08,2.77,3.73,0.2,999,13528
Shae Simmons,Braves,1,1,0,1,3.58,0,15,15,13,6,1,15,7,1.34,9.12,4.19,3.73,0,932.3,14200
Rick Porcello,Red Sox,14,10,0,0,3.77,31,31,198,202,83,23,162,38,1.21,7.35,1.72,3.74,3.8,96.2,2717
Hyun-Jin Ryu,Dodgers,6,6,0,0,3.83,16,16,93,94,40,10,75,21,1.24,7.25,2.07,3.74,1.5,347.1,14444
Zach McAllister,Indians,2,2,0,8,3.67,0,40,40,38,16,5,42,13,1.28,9.47,3.03,3.74,0.2,941.9,2895
Michael Feliz,Astros,2,2,0,9,3.97,0,40,40,36,18,5,45,15,1.28,10.13,3.42,3.74,0.2,634.6,11903
Brad Ziegler,Marlins,3,3,2,16,3.52,0,55,55,54,22,4,42,20,1.34,6.83,3.2,3.74,0.3,498.5,7293
Charlie Furbush,,3,3,0,0,3.68,0,65,65,59,27,7,65,21,1.24,9.06,2.96,3.75,0.1,999,1370
Hansel Robles,Mets,3,3,1,17,3.7,0,55,55,47,23,7,61,21,1.24,10.01,3.5,3.75,0.6,856.8,11801
Oliver Drake,Brewers,2,1,0,5,3.74,0,35,35,30,15,4,42,16,1.3,10.7,4.1,3.75,0.1,904.9,8823
A.J. Schugel,Pirates,1,1,0,1,3.84,0,20,20,20,9,2,17,6,1.3,7.47,2.67,3.75,0,907.9,11432
Marc Rzepczynski,Mariners,2,2,0,10,3.57,0,45,45,42,18,4,45,20,1.38,9.07,4.02,3.75,0.2,999,6612
Luke Hochevar,,4,3,0,0,3.61,0,65,65,59,26,8,67,21,1.23,9.25,2.93,3.77,0.4,828.4,6943
Jake Diekman,Rangers,1,1,0,1,3.66,0,25,25,22,10,3,28,12,1.34,9.94,4.18,3.77,0.1,847.6,5003
Mike Morin,Angels,2,1,0,1,3.73,0,25,25,23,10,3,24,7,1.22,8.56,2.67,3.78,0,975.9,13442
Zack Greinke,Diamondbacks,12,10,0,0,3.72,29,29,182,177,75,22,159,44,1.21,7.85,2.18,3.78,3.2,99.4,1943
Vince Velasquez,Phillies,9,9,0,0,3.88,28,28,156,141,67,22,175,52,1.24,10.13,2.98,3.78,2.9,184,11189
Shawn Tolleson,Rangers,1,1,0,1,3.83,0,25,25,23,11,3,24,7,1.23,8.77,2.65,3.79,0,926.9,10481
Casey Fien,Phillies,2,2,0,5,3.88,0,35,35,34,15,5,32,8,1.2,8.14,2.03,3.79,0.1,999,3926
Darren O'Day,Orioles,5,3,2,14,3.35,0,65,65,56,24,9,73,21,1.18,10.17,2.89,3.79,1,496.8,3321
Tyler Glasnow,Pirates,7,6,0,0,3.73,19,19,110,94,46,10,127,60,1.4,10.38,4.92,3.79,1.7,268.2,14374
Drew Storen,Reds,3,3,18,5,3.69,0,65,65,61,27,7,63,19,1.22,8.72,2.61,3.79,0.7,435.1,6983
Alex Wood,Dodgers,8,7,0,6,3.74,16,51,129,124,54,14,116,39,1.26,8.07,2.69,3.79,1.5,355.5,13781
Tyler Skaggs,Angels,9,8,0,0,3.72,24,24,139,128,57,15,133,48,1.27,8.66,3.12,3.79,2.1,309.8,10190
Blake Wood,Reds,3,2,0,10,3.76,0,45,45,39,19,5,50,21,1.34,10.08,4.23,3.79,0.3,999,1345
Masahiro Tanaka,Yankees,12,10,0,0,3.78,32,32,203,200,85,27,178,40,1.18,7.9,1.78,3.8,4,75.7,15764
Matt Andriese,Rays,7,7,0,0,3.87,21,21,120,118,51,14,102,28,1.22,7.7,2.13,3.8,2.1,361.3,12022
Oliver Perez,Nationals,2,2,0,9,3.67,0,40,40,35,16,4,44,16,1.3,9.89,3.7,3.8,0.2,978.9,1514
Buddy Boshers,Twins,1,1,0,1,3.96,0,20,20,19,9,2,20,8,1.36,8.78,3.69,3.81,0,1055.9,8490
Tyler Webb,Brewers,1,1,0,1,3.86,0,25,25,24,11,3,25,9,1.31,8.96,3.31,3.82,0,999,14974
Tyler Thornburg,Brewers,4,3,1,13,3.63,0,55,55,49,22,6,59,23,1.3,9.61,3.71,3.83,0.4,316.6,10688
Jonathan Broxton,Cardinals,3,2,1,11,3.86,0,45,45,42,19,5,42,17,1.31,8.36,3.36,3.83,0.2,914.9,4759
Jaime Garcia,Yankees,8,8,0,0,3.81,23,23,131,130,55,15,116,39,1.29,7.97,2.69,3.83,1.8,347.9,8137
Ryan Dull,Athletics,4,3,1,13,3.72,0,55,55,51,23,7,55,16,1.21,8.93,2.63,3.83,0.5,363.7,13974
Matt Shoemaker,Angels,13,11,0,0,3.83,32,32,193,187,82,25,170,44,1.2,7.91,2.03,3.83,3.3,205.2,4776
Jacob Rhame,,1,1,0,1,3.86,0,10,10,9,4,1,11,4,1.29,9.78,3.68,3.83,0,999,sa737837
Ryan Madson,Nationals,4,4,21,10,3.79,0,65,65,64,27,7,56,20,1.3,7.81,2.78,3.83,0.6,254.9,1852
Nick Wittgren,Marlins,2,2,0,3,3.74,0,30,30,29,12,3,26,8,1.23,7.68,2.28,3.84,0,935.8,15594
Dario Alvarez,Rangers,2,2,0,3,3.85,0,30,30,26,13,4,38,13,1.3,11.33,3.86,3.84,0.1,999,14239
Silvino Bracho,Diamondbacks,1,1,0,1,3.88,0,25,25,23,11,3,27,8,1.23,9.58,2.73,3.84,0,843.9,15051
Pat Neshek,Rockies,3,3,1,14,3.67,0,55,55,51,22,8,54,15,1.18,8.84,2.38,3.84,0.5,834.4,4682
Blake Parker,Angels,2,1,0,8,3.71,0,40,40,35,16,5,42,14,1.25,9.55,3.26,3.84,0.2,1002.9,5224
Adam Wainwright,Cardinals,11,10,0,0,3.94,28,28,171,174,75,18,134,46,1.29,7.07,2.41,3.85,2.7,222.4,2233
Alex Claudio,Rangers,2,2,0,8,3.7,0,40,40,42,16,4,29,11,1.31,6.61,2.41,3.85,0.2,884.9,12890
Blake Snell,Rays,10,8,0,0,3.69,23,23,132,114,54,14,147,64,1.35,10.05,4.37,3.85,2,234.3,13543
Luke Weaver,Cardinals,4,4,0,0,4,11,11,66,66,29,8,58,17,1.26,7.87,2.34,3.85,1,327.7,16918
Giovanny Gallegos,Yankees,1,1,0,1,3.93,0,10,10,9,4,1,11,3,1.22,9.9,2.78,3.85,0,999,14986
Michael Tonkin,Twins,2,2,0,9,3.94,0,45,45,44,20,6,45,14,1.29,8.98,2.82,3.85,0.3,752.9,10315
James Pazos,Mariners,1,1,0,3,3.69,0,30,30,26,12,3,33,13,1.33,9.79,4.04,3.85,0.1,999,13323
Ivan Nova,Pirates,8,8,0,0,4.02,21,21,123,130,55,12,91,29,1.3,6.7,2.13,3.86,1.7,248.8,1994
Jake McGee,Rockies,3,2,1,14,3.83,0,55,55,54,23,7,55,18,1.3,8.96,2.92,3.86,0.5,699.1,7550
Aaron Sanchez,Blue Jays,14,9,0,0,3.7,32,32,205,193,84,21,179,73,1.3,7.86,3.19,3.86,3.4,83.2,11490
Matt Moore,Giants,12,11,0,0,3.74,31,31,177,161,73,18,167,68,1.3,8.51,3.46,3.86,2.3,173.3,1890
Taylor Rogers,Twins,3,2,1,11,3.89,0,55,55,56,24,6,47,17,1.33,7.73,2.76,3.87,0.3,956,13449
Austin Adams,Indians,1,1,0,1,4.03,0,20,20,19,9,2,18,7,1.29,8.08,2.97,3.87,0,999,7411
John Lackey,Cubs,12,9,0,0,3.74,29,29,185,171,77,23,166,50,1.2,8.05,2.45,3.87,2.9,154.6,1507
Matt Barnes,Red Sox,2,2,1,10,3.91,0,45,45,42,20,5,46,19,1.36,9.23,3.77,3.87,0.2,836.8,12863
Felix Hernandez,Mariners,13,12,0,0,3.79,32,32,207,197,87,23,185,65,1.27,8.06,2.83,3.87,3.2,120.7,4772
Bryan Shaw,Indians,3,3,2,15,3.68,0,55,55,52,22,6,53,20,1.31,8.62,3.27,3.87,0.4,747.8,8110
Drew Pomeranz,Red Sox,5,3,0,0,3.84,11,11,65,59,28,8,66,24,1.29,9.11,3.39,3.87,1.1,227.6,11426
Ryan Buchter,Royals,2,2,2,15,3.6,0,55,55,45,22,6,65,27,1.32,10.56,4.47,3.88,0.5,657.8,9456
Tommy Hunter,Rays,2,2,0,3,3.85,0,30,30,30,13,3,23,8,1.27,6.89,2.33,3.88,0.1,1009.9,1157
Sonny Gray,Yankees,10,9,0,0,4.01,26,26,159,160,71,17,134,52,1.33,7.55,2.96,3.88,2.4,279.5,12768
Joakim Soria,Royals,5,4,3,14,3.75,0,65,65,61,27,7,64,24,1.31,8.83,3.3,3.88,0.6,603.5,6941
Francisco Rodriguez,Tigers,4,3,33,3,3.59,0,65,65,62,26,8,61,21,1.27,8.41,2.9,3.88,0.6,155.4,1642
Carlos Rodon,White Sox,9,8,0,0,3.92,24,24,143,136,62,17,147,54,1.33,9.27,3.42,3.88,2.6,198,16137
Matt Strahm,Royals,3,3,1,15,3.74,0,55,55,52,23,7,55,18,1.27,9.03,2.91,3.88,0.3,999,13799
Joaquin Benoit,Pirates,3,3,9,12,3.38,0,55,55,47,21,6,59,23,1.28,9.64,3.84,3.88,0.6,499,1437
Andrew Triggs,Athletics,6,6,0,0,4.09,23,23,128,131,58,13,104,38,1.32,7.31,2.67,3.88,1.8,354.2,13533
Severino Gonzalez,Phillies,1,1,0,1,4.1,0,15,15,15,7,2,12,3,1.23,7.03,1.96,3.89,0,999,14697
Buddy Baumann,Padres,1,1,0,1,3.87,0,25,25,23,11,3,24,10,1.32,8.66,3.51,3.89,0,999,9309
Jose Alvarez,Angels,2,2,1,10,3.77,0,45,45,43,19,5,40,15,1.3,7.92,3.03,3.9,0.1,999,5358
Kirby Yates,Padres,0,0,0,1,3.6,0,10,10,9,4,1,11,4,1.27,9.72,3.54,3.9,0,999,9073
Wade LeBlanc,Pirates,3,3,0,9,3.91,3,43,59,60,26,7,48,16,1.28,7.4,2.43,3.9,0.4,938.6,5221
Kevin Quackenbush,Padres,3,3,2,13,3.92,0,55,55,53,24,6,50,19,1.31,8.22,3.15,3.91,0.3,858.6,12360
Wei-Yin Chen,Marlins,10,9,0,0,3.82,29,29,170,170,72,21,136,37,1.22,7.21,1.98,3.91,2.3,327,13071
Rowan Wick,,0,0,0,1,3.96,0,10,10,9,4,1,10,5,1.43,9.24,4.79,3.92,0,999,sa549441
Danny Farquhar,Rays,3,2,2,14,3.76,0,55,55,51,23,7,53,19,1.27,8.71,3.07,3.92,0.3,925.5,8501
Jason Grilli,Rangers,6,5,3,15,3.82,0,65,65,55,28,9,78,27,1.27,10.86,3.78,3.92,0.6,737.7,521
Danny Duffy,Royals,12,10,0,0,3.69,31,31,183,172,75,23,169,55,1.24,8.31,2.7,3.93,2.8,94.6,3542
Jeremy Jeffress,Brewers,3,2,2,15,3.7,0,55,55,57,23,5,44,20,1.4,7.14,3.21,3.93,0.4,430.7,9490
Brian Ellington,Marlins,1,1,0,1,3.74,0,20,20,17,8,2,22,11,1.39,9.72,4.9,3.93,0,959.9,17233
Jharel Cotton,Athletics,8,8,0,0,4.09,26,26,152,147,69,18,146,53,1.31,8.65,3.14,3.94,2.6,229.5,13654
Aaron Loup,Blue Jays,2,2,0,8,3.76,0,40,40,38,17,4,38,14,1.29,8.56,3.06,3.94,0.2,939.9,10343
Andrew Bailey,Angels,4,4,4,14,3.91,0,65,65,59,28,8,64,23,1.27,8.83,3.2,3.94,0.6,662.6,1368
Collin McHugh,Astros,11,9,0,0,4,28,28,163,162,72,21,146,45,1.27,8.1,2.49,3.94,2.7,276,7531
Chase Whitley,Rays,2,2,0,5,3.92,0,35,35,34,15,4,31,10,1.26,7.9,2.57,3.95,0,853.1,10982
Kevin Siegrist,Cardinals,4,3,4,15,3.65,0,65,65,54,26,8,74,30,1.29,10.22,4.1,3.95,0.6,626.3,8180
Sean Manaea,Athletics,10,9,0,0,4.02,28,28,161,158,72,19,143,50,1.3,7.99,2.83,3.95,2.3,189.1,15873
Craig Stammen,Padres,2,2,0,3,3.94,0,30,30,31,13,3,25,9,1.32,7.47,2.74,3.95,0.1,999,7274
Ryan Pressly,Twins,4,4,4,16,3.93,0,65,65,65,28,7,57,23,1.36,7.93,3.18,3.96,0.6,771.2,7005
Lance Lynn,Cardinals,11,9,0,0,3.87,28,28,159,155,68,17,142,59,1.34,8.03,3.34,3.96,2.3,267,2520
Joe Biagini,Blue Jays,3,3,1,15,3.9,0,55,55,55,24,6,49,17,1.31,7.95,2.76,3.96,0.4,999,13194
George Kontos,Giants,3,3,2,15,3.72,0,55,55,54,23,6,42,17,1.29,6.88,2.79,3.96,0.1,780.4,9486
Kevin Gausman,Orioles,11,10,0,0,4,29,29,172,169,76,22,159,52,1.29,8.33,2.73,3.96,3.1,135.3,14107
Tony Barnette,Rangers,4,2,1,13,3.72,0,55,55,54,23,6,49,18,1.32,7.96,3.01,3.97,0.3,890.3,3555
Brian Flynn,Royals,1,0,0,1,3.8,0,10,10,9,4,1,9,4,1.35,8.09,3.64,3.98,0,912,12027
Luis Avilan,Dodgers,2,2,0,10,3.66,0,40,40,37,16,4,38,15,1.3,8.48,3.42,3.98,0.1,979.9,2882
Heath Hembree,Red Sox,2,1,0,3,3.84,0,30,30,28,13,4,30,11,1.32,8.88,3.32,3.98,0.1,858.4,11632
Robbie Ross Jr.,Red Sox,3,2,2,15,3.75,0,55,55,53,23,6,51,20,1.33,8.32,3.3,3.98,0.3,1019.9,6819
Joba Chamberlain,,3,2,0,0,3.96,0,65,65,60,29,7,63,28,1.36,8.7,3.86,3.98,0,999,2692
Julio Teheran,Braves,10,10,0,0,3.9,29,29,181,173,79,23,162,50,1.23,8.02,2.48,3.98,2.4,95.7,6797
Alex Meyer,Angels,6,5,0,0,4,16,16,94,84,42,11,99,42,1.34,9.47,4,3.98,1.3,780.2,12833
Paul Fry,,0,0,0,1,3.84,0,10,10,9,4,1,10,5,1.36,9.3,4.12,3.98,0,999,sa738159
Cole Hamels,Rangers,12,9,0,0,3.85,32,32,206,202,88,25,190,68,1.31,8.27,2.98,3.98,3.1,76.7,4972
Jose Ruiz,,1,1,0,0,4.35,0,10,10,9,5,1,11,6,1.45,10.07,5.03,3.99,0,999,14552
Matt Belisle,Twins,2,2,2,13,4.06,0,55,55,59,25,6,40,16,1.37,6.47,2.56,3.99,0.3,862.2,1837
Enny Romero,Nationals,2,1,0,6,3.97,0,35,35,31,15,4,35,16,1.35,9.11,4.09,3.99,0,996.9,4001
Drew Steckenrider,Marlins,0,0,0,1,3.9,0,10,10,9,4,1,10,5,1.42,8.89,4.67,3.99,0,999,18806
Jon Gray,Rockies,12,9,0,0,4.17,31,31,181,179,84,23,182,63,1.34,9.01,3.14,3.99,3.2,172.7,14916
Antonio Bastardo,Pirates,2,2,0,11,3.95,0,45,45,40,20,5,47,20,1.34,9.36,4.06,4,0.2,873.2,8844
Jake Odorizzi,Rays,9,9,0,0,3.91,28,28,160,150,69,21,147,48,1.24,8.25,2.7,4,2.3,185.7,6397
Michael Wacha,Cardinals,8,8,0,0,4.1,23,23,130,131,59,15,109,42,1.32,7.55,2.91,4.01,1.7,293.7,14078
Luis Garcia,Phillies,2,2,0,3,3.92,0,30,30,29,13,3,29,15,1.46,8.62,4.6,4.01,0.1,999,6984
Bruce Rondon,Tigers,4,4,2,15,4.03,0,55,55,49,25,6,61,26,1.36,10.03,4.26,4.01,0.4,550.5,5766
Zac Rosscup,,3,3,0,0,4.04,0,65,65,56,29,8,74,33,1.36,10.21,4.54,4.01,0.1,999,9419
Kyle Crockett,Indians,1,1,0,1,3.95,0,25,25,25,11,3,23,9,1.35,8.17,3.25,4.01,0,999,15033
Zack Wheeler,Mets,8,9,0,1,3.95,21,46,146,139,64,16,138,60,1.36,8.51,3.69,4.01,1.8,341.6,10310
Michael Fulmer,Tigers,11,9,0,0,3.93,29,29,170,167,74,20,146,50,1.28,7.74,2.63,4.02,2.6,131.7,13218
Josh Osich,Giants,1,1,0,1,3.83,0,25,25,23,11,2,23,12,1.39,8.29,4.16,4.02,0,999,11528
Hunter Cervenka,Marlins,1,1,0,1,3.86,0,25,25,21,11,2,26,14,1.43,9.29,5.2,4.03,0,999,10510
Jonathan Papelbon,,4,3,0,0,3.77,0,65,65,63,27,8,56,20,1.26,7.79,2.7,4.03,0.3,738.2,5975
Josh Ravin,Dodgers,0,0,0,1,3.89,0,10,10,8,4,1,12,4,1.27,10.91,3.95,4.03,0,999,2951
Trevor Gott,Nationals,2,1,0,3,3.86,0,30,30,30,13,3,24,12,1.38,7.19,3.5,4.03,0.1,999,15046
Ross Stripling,Dodgers,3,3,1,12,4.13,2,47,54,54,25,7,45,16,1.29,7.52,2.66,4.03,0.2,791.5,13273
Jake Petricka,White Sox,2,2,0,8,3.77,0,40,40,39,17,4,34,18,1.43,7.65,4.02,4.03,0.1,999,10534
Santiago Casilla,Athletics,3,2,6,12,3.69,0,55,55,52,23,6,50,19,1.3,8.17,3.15,4.03,0.3,463.2,2873
Drew Smyly,Rays,6,5,0,0,4.07,16,16,94,89,42,14,91,27,1.23,8.73,2.55,4.04,1.5,223,11760
Kevin Chapman,Astros,1,1,0,3,4.17,0,30,30,28,14,3,31,14,1.42,9.42,4.34,4.04,0,999,11240
Matt Grace,Nationals,1,1,0,1,3.97,0,20,20,21,9,2,15,7,1.37,6.53,3.02,4.04,0,813.9,11449
J.P. Howell,Blue Jays,3,3,1,13,3.9,0,55,55,56,24,5,45,21,1.4,7.42,3.42,4.04,0.2,758.4,8245
Brad Boxberger,Rays,1,1,0,1,3.79,0,20,20,17,8,3,23,10,1.32,10.43,4.29,4.04,0,608.1,10133
Mike Leake,Cardinals,11,11,0,0,4.15,31,31,188,202,87,21,128,42,1.3,6.14,2.02,4.04,2.3,339.1,10130
Brett Anderson,Cubs,6,5,0,0,4.06,16,16,92,97,42,9,64,28,1.36,6.23,2.7,4.05,1.2,497.5,8223
Joe Musgrove,Astros,6,5,0,0,4.21,15,15,84,86,39,12,73,17,1.22,7.84,1.79,4.05,1.2,274.4,12970
Brandon McCarthy,Dodgers,6,5,0,0,3.91,16,16,93,93,40,12,76,24,1.26,7.34,2.3,4.05,1.2,445,4662
Rafael Martin,Nationals,2,1,0,1,3.98,0,25,25,23,11,3,27,10,1.32,9.55,3.67,4.05,0,999,10258
Tyson Ross,Rangers,6,5,0,0,4.12,15,15,85,85,39,9,76,35,1.41,8.06,3.7,4.05,1.2,332.1,7872
Sean Gilmartin,Mets,3,3,0,6,4.14,3,38,54,53,25,6,46,17,1.31,7.66,2.83,4.05,0.4,999,12781
Bud Norris,Angels,2,2,0,3,4.06,0,30,30,29,14,4,27,9,1.28,7.99,2.83,4.06,0,912.8,9492
Zach Davies,Brewers,9,10,0,0,4.18,29,29,169,172,79,21,145,51,1.32,7.71,2.69,4.06,2.6,260,13183
Brock Stewart,Dodgers,2,2,0,1,4.07,3,18,34,33,15,5,32,9,1.24,8.52,2.5,4.06,0.3,686.5,16727
Michael Lorenzen,Reds,2,2,4,13,3.81,0,55,55,52,23,7,52,18,1.28,8.45,2.99,4.06,0.3,377.1,14843
Alex Cobb,Rays,8,9,0,0,3.93,24,24,143,143,62,15,113,47,1.33,7.11,2.94,4.06,1.9,270.8,6562
Fernando Abad,Red Sox,2,2,0,5,3.88,0,35,35,32,15,4,33,14,1.33,8.56,3.64,4.06,0,1038.9,4994
Tony Sipp,Astros,3,2,0,11,3.82,0,45,45,41,19,7,48,16,1.26,9.55,3.23,4.06,0.2,1047.9,8280
J.T. Chargois,Twins,2,2,2,6,4.11,0,40,40,39,18,4,37,18,1.43,8.38,4.01,4.06,0.1,793.3,13767
Dan Altavilla,Mariners,4,4,2,16,3.92,0,65,65,61,28,8,62,25,1.32,8.62,3.42,4.06,0.5,760.7,16507
Luis Severino,Yankees,7,7,0,0,4.15,19,19,113,110,52,15,106,36,1.3,8.45,2.9,4.07,1.9,333.1,15890
Yusmeiro Petit,Angels,2,2,0,5,4.01,0,35,35,34,16,5,31,8,1.21,7.89,2.11,4.07,0,945.8,4020
Joe Smith,Indians,3,2,0,10,3.77,0,45,45,44,19,5,39,14,1.3,7.76,2.87,4.07,0.2,905.8,3281
Ty Blach,Giants,5,5,0,4,4.05,10,40,86,91,39,9,58,23,1.32,6,2.4,4.08,0.6,627.5,14361
Keith Hessler,Padres,2,2,0,8,4.03,0,40,40,39,18,5,37,16,1.37,8.38,3.6,4.08,0.1,999,12220
Mike Montgomery,Cubs,6,5,0,3,3.76,13,43,105,98,44,11,91,41,1.32,7.77,3.54,4.08,1,311.1,4869
Andrew Heaney,Angels,1,1,0,0,3.97,2,2,9,9,4,1,8,3,1.29,7.38,2.61,4.08,0.1,947.9,15423
Jesse Chavez,Angels,8,8,0,0,4.06,23,23,131,128,59,17,113,39,1.28,7.79,2.67,4.08,1.7,684.1,5448
Bartolo Colon,Twins,10,11,0,0,4.21,28,28,162,178,76,21,112,28,1.28,6.2,1.57,4.08,2,338.8,375
Kyle Zimmer,,1,1,0,1,4.12,0,15,15,14,7,2,14,6,1.37,8.38,3.68,4.08,0,999,sa621583
David Paulino,Astros,2,2,0,1,4.13,3,23,39,38,18,5,36,13,1.3,8.33,2.94,4.09,0.3,727.3,17418
Dan Jennings,Rays,3,2,3,14,3.79,0,55,55,55,23,5,46,24,1.44,7.47,3.92,4.09,0.4,1032.9,8073
Eric O'Flaherty,Braves,2,3,0,8,4.67,0,40,40,42,21,4,33,14,1.4,7.41,3.23,4.09,0,999,5746
Enrique Burgos,Diamondbacks,2,2,0,6,4.15,0,35,35,31,16,4,40,19,1.42,10.33,4.83,4.09,0,943.4,3895
Shane Greene,Tigers,3,3,1,12,4.4,0,55,55,56,27,6,47,18,1.36,7.66,2.96,4.1,0.2,871.6,10756
John Axford,Athletics,3,3,1,10,4.11,0,45,45,44,21,4,42,21,1.44,8.41,4.24,4.1,0.1,840.9,9059
Zac Curtis,Mariners,1,0,0,1,3.84,0,10,10,9,4,1,11,4,1.33,9.88,3.95,4.1,0,999,16684
Brandon Kintzler,Nationals,3,3,24,6,4,0,65,65,72,29,7,43,17,1.37,5.89,2.31,4.1,0.3,283.6,9939
Josh Edgin,Mets,0,1,0,1,3.95,0,10,10,9,4,1,10,5,1.4,9.09,4.36,4.11,0,999,10796
Mike Minor,Royals,3,3,2,12,4.01,0,55,55,53,25,7,50,19,1.31,8.18,3.16,4.11,0.2,863.1,10021
J.B. Wendelken,Athletics,1,1,0,1,4.27,0,20,20,21,9,2,17,7,1.39,7.66,3.2,4.11,0,999,14506
Neftali Feliz,Royals,3,3,26,7,4.11,0,65,65,58,30,9,71,26,1.29,9.79,3.57,4.11,0.6,249.7,18
Carlos Estevez,Rockies,4,3,2,16,4.26,0,55,55,53,26,7,55,23,1.39,9.07,3.84,4.11,0.5,847.8,14542
Brian Duensing,Cubs,2,2,0,6,3.68,0,35,35,33,14,4,29,13,1.31,7.4,3.23,4.12,0,999,4064
Ricky Nolasco,Angels,10,10,0,0,4.25,29,29,176,181,83,23,132,42,1.27,6.78,2.15,4.12,2.1,368,3830
Fernando Rodney,Diamondbacks,4,3,26,9,3.95,0,65,65,60,29,7,66,30,1.39,9.15,4.19,4.12,0.3,279.1,494
Blaine Hardy,Tigers,2,1,0,3,3.99,0,30,30,30,13,3,25,11,1.37,7.37,3.35,4.12,0.1,999,6499
Hisashi Iwakuma,Mariners,11,11,0,0,4.2,29,29,176,186,82,25,134,36,1.26,6.84,1.84,4.12,2.4,244.6,13048
Pat Venditte,Phillies,1,2,0,5,4.11,0,35,35,33,16,5,35,14,1.33,9.12,3.5,4.12,0.1,999,7108
Jumbo Diaz,Rays,2,2,1,10,3.84,0,45,45,41,19,6,44,17,1.29,8.73,3.4,4.13,0.1,999,3397
Ryan Tepera,Blue Jays,2,2,0,5,3.99,0,35,35,33,16,4,34,13,1.34,8.73,3.45,4.13,0,999,10291
Jerad Eickhoff,Phillies,9,10,0,0,4.08,26,26,153,150,69,22,137,40,1.25,8.07,2.36,4.14,2.3,200,12664
Anthony DeSclafani,Reds,6,6,0,0,4.06,16,16,95,95,43,13,82,26,1.27,7.73,2.41,4.14,1.3,277,13050
Mike Hauschild,Rangers,2,2,0,5,4.3,0,35,35,37,17,4,28,10,1.34,7.3,2.6,4.14,0,985.9,14033
Al Alburquerque,Royals,1,1,0,1,3.95,0,20,20,19,9,2,19,10,1.42,8.58,4.36,4.14,0,999,6324
Mauricio Cabrera,Braves,4,4,2,15,3.97,0,55,55,49,24,5,56,33,1.49,9.15,5.38,4.14,0.1,500.6,12975
Erik Goeddel,Mets,0,0,0,1,4.27,0,10,10,9,5,1,10,4,1.36,8.83,3.87,4.15,0,999,11712
J.A. Happ,Blue Jays,12,10,0,0,4.11,31,31,181,178,83,24,158,56,1.29,7.82,2.79,4.15,2.6,182.1,7410
Odrisamer Despaigne,Marlins,0,1,0,1,4.31,0,10,10,10,5,1,7,3,1.35,6.48,2.99,4.16,0,999,16017
Robert Gsellman,Mets,5,5,0,0,4.2,15,15,82,84,38,9,65,26,1.34,7.08,2.9,4.16,1,284.8,13696
Jhoulys Chacin,Padres,8,10,0,0,4.31,28,28,161,163,77,18,135,63,1.4,7.55,3.53,4.16,2,645.6,2608
Jhan Marinez,Rangers,2,2,2,12,4,0,55,55,54,24,6,50,22,1.38,8.25,3.6,4.16,0.2,986.9,5830
Mark Lowe,Tigers,0,0,0,1,4.27,0,10,10,10,5,1,10,4,1.33,8.65,3.3,4.16,0,999,7416
Jason Frasor,,3,3,0,0,4.14,0,65,65,63,30,7,59,28,1.39,8.2,3.88,4.17,0.3,999,1906
Tanner Roark,Nationals,12,10,0,0,4.05,29,29,177,178,80,21,136,54,1.31,6.93,2.73,4.17,1.9,141.1,8753
Clayton Blackburn,,1,1,0,0,4.18,3,3,19,19,9,2,14,5,1.33,6.59,2.58,4.17,0.2,999,sa598302
Dustin McGowan,Marlins,2,1,0,6,3.86,0,35,35,31,15,3,32,17,1.39,8.28,4.45,4.17,0,936,8600
Trevor Cahill,Royals,5,6,0,0,4.1,19,19,111,104,50,11,107,56,1.45,8.72,4.58,4.18,1.2,799.2,6249
Daniel Norris,Tigers,8,8,0,0,4.2,23,23,132,130,61,17,122,50,1.37,8.31,3.44,4.18,1.7,270.9,13475
Jake Barrett,Diamondbacks,3,3,6,16,4.08,0,65,65,62,29,7,62,29,1.4,8.6,3.98,4.18,0.3,666,13322
Tyler Duffey,Twins,7,8,0,3,4.49,16,46,123,132,61,16,98,33,1.35,7.23,2.4,4.18,1.3,703.2,13758
Brooks Pounders,Angels,1,1,0,1,4.07,0,10,10,9,5,1,9,4,1.33,8.4,3.56,4.18,0,999,10387
Chris Stratton,Giants,1,1,0,1,4.19,0,20,20,20,9,2,16,8,1.38,7.33,3.47,4.19,0,999,13761
Drew Hutchison,Pirates,4,4,0,0,4.4,11,11,65,65,32,8,58,22,1.35,8.12,3.11,4.19,0.9,564.2,10732
Steven Brault,Pirates,2,2,0,0,4.18,5,5,28,28,13,3,21,10,1.39,7,3.23,4.19,0.3,706.5,15291
Scott Kazmir,Dodgers,3,3,0,0,4.08,8,8,46,45,21,6,40,15,1.29,7.84,2.86,4.19,0.6,385.9,4897
Chris Smith,Athletics,1,1,0,1,4.26,0,25,25,25,12,3,22,9,1.36,8,3.33,4.19,0,999,4544
Carlos Torres,Brewers,3,3,2,15,4.05,0,55,55,53,25,7,53,21,1.34,8.66,3.46,4.19,0.2,739.7,7624
Shelby Miller,Diamondbacks,9,9,0,0,4.25,24,24,139,140,66,17,117,48,1.35,7.59,3.12,4.19,1.8,344.7,10197
Dominic Leone,Blue Jays,2,2,0,3,4.26,0,30,30,30,14,4,29,12,1.4,8.62,3.62,4.2,0,999,13763
Ryan O'Rourke,Twins,1,1,0,1,4.16,0,15,15,14,7,2,15,6,1.37,9.03,3.87,4.2,0,999,10976
Vidal Nuno,Orioles,1,1,0,1,3.98,0,25,25,25,11,4,23,6,1.23,8.13,2.18,4.2,0,1015.9,9674
Neil Ramirez,Mets,1,1,0,6,4.14,0,35,35,31,16,4,37,17,1.39,9.45,4.42,4.2,0,975.9,7677
Brady Rodgers,Astros,1,1,0,1,4.45,0,15,15,16,7,2,12,3,1.29,7.22,2.04,4.2,0,980.9,13393
Chasen Shreve,Yankees,1,1,0,1,3.97,0,25,25,22,11,4,27,11,1.32,9.82,3.84,4.2,0,1020.9,10855
Jimmie Sherfy,,1,1,0,1,4.19,0,10,10,9,5,1,11,5,1.4,10.05,4.45,4.21,0,999,sa737897
Robby Scott,Red Sox,1,1,0,1,4.17,0,15,15,15,7,2,13,5,1.34,7.5,2.81,4.21,0,999.9,13042
Chandler Shepherd,,0,0,0,1,4.32,0,10,10,10,5,1,8,3,1.36,7.65,3.04,4.21,0,999,sa602595
David Carpenter,,4,4,0,0,4.15,0,65,65,62,30,8,60,24,1.33,8.31,3.32,4.21,0,999,3959
Peter Moylan,Royals,2,1,0,5,3.99,0,35,35,35,16,4,27,12,1.34,6.85,3,4.21,0,999,4891
Trevor Bauer,Indians,8,7,0,0,4.25,23,23,133,128,63,17,124,51,1.35,8.39,3.49,4.21,1.7,267.4,12703
Taijuan Walker,Diamondbacks,9,9,0,0,4.23,26,26,146,143,69,21,132,42,1.26,8.13,2.57,4.21,1.9,235.3,11836
Edinson Volquez,Marlins,9,9,0,0,4.2,28,28,162,163,76,16,125,63,1.39,6.9,3.47,4.22,1.6,353.4,3990
Ben Taylor,,1,1,0,1,4.15,0,25,25,25,12,3,23,10,1.42,8.25,3.66,4.22,0,999,sa875189
Anthony Swarzak,Brewers,2,2,0,5,4.44,0,35,35,36,17,5,30,11,1.34,7.72,2.8,4.22,0.1,999,7466
Francisco Liriano,Astros,10,8,0,0,4.11,26,26,149,137,68,20,159,67,1.37,9.58,4.07,4.22,1.8,267,3201
Cody Reed,Reds,4,4,0,3,4.09,6,36,67,65,30,9,63,22,1.31,8.53,3.03,4.23,0.5,635.4,15232
Tyler Anderson,Rockies,11,9,0,0,4.19,29,29,171,179,80,21,143,57,1.38,7.5,3.01,4.23,2.6,318.4,12880
Yohander Mendez,Rangers,1,1,0,1,4.2,0,10,10,10,5,1,9,4,1.4,8.13,3.71,4.23,0,732,14391
Albert Suarez,Giants,2,3,0,1,4.14,5,20,43,45,20,5,31,13,1.35,6.47,2.8,4.23,0.2,877.2,6175
Jackson Stephens,Reds,1,1,0,1,4.25,0,15,15,15,7,2,12,4,1.31,7.45,2.65,4.23,0,999,14420
Ryan Webb,Rays,2,3,0,0,4.3,0,65,65,69,31,8,47,19,1.36,6.57,2.61,4.23,0,999,7474
Bryan Morris,Giants,1,1,0,1,3.93,0,10,10,10,4,1,8,4,1.43,7.1,3.86,4.24,0,999,10234
Jose Berrios,Twins,4,4,0,0,4.43,11,11,64,65,32,8,57,22,1.36,8.06,3.07,4.24,0.8,333.4,14168
Eduardo Rodriguez,Red Sox,9,8,0,0,4.24,24,24,140,141,66,19,120,44,1.33,7.7,2.85,4.25,1.9,292.9,13164
Noe Ramirez,Red Sox,1,1,0,1,4.09,0,20,20,20,9,2,19,8,1.38,8.34,3.58,4.25,0,999,12800
Donnie Hart,Orioles,2,2,0,8,3.95,0,40,40,40,18,5,31,14,1.35,6.91,3.1,4.26,0.1,1026.9,15306
Adam Conley,Marlins,8,7,0,0,4.13,23,23,129,124,59,14,110,53,1.38,7.7,3.73,4.26,1.3,330.1,14457
Zack Godley,Diamondbacks,2,2,0,1,4.24,3,23,39,39,18,5,35,15,1.38,8.01,3.39,4.26,0.2,864.9,14862
Nick Kingham,,1,1,0,0,4.44,2,2,9,10,5,1,7,3,1.37,6.66,2.7,4.26,0.1,999,sa548285
Mike Foltynewicz,Braves,8,10,0,0,4.26,26,26,152,148,72,21,146,55,1.34,8.66,3.25,4.27,1.6,285.6,10811
Jeanmar Gomez,Phillies,3,3,21,9,4.33,0,65,65,70,31,7,46,22,1.4,6.37,2.99,4.27,0.2,309.2,9033
Tommy Kahnle,Yankees,1,1,0,3,4.09,0,30,30,26,14,3,33,18,1.48,10.02,5.41,4.27,0,999,11384
Erasmo Ramirez,Mariners,4,4,1,12,3.91,0,55,55,55,24,7,40,15,1.29,6.48,2.51,4.27,0.1,791.6,10314
Chris Capuano,,3,3,0,0,4.29,0,65,65,63,31,8,62,27,1.38,8.57,3.69,4.27,0,999,1701
Brandon Woodruff,Brewers,1,1,0,0,4.44,2,2,9,9,5,1,8,3,1.37,7.86,3.14,4.28,0.1,881.9,16162
Homer Bailey,Reds,3,4,0,0,4.38,10,10,56,56,27,8,47,17,1.32,7.63,2.77,4.28,0.7,530.2,8362
Tommy Layne,Yankees,2,2,1,13,3.99,0,55,55,52,24,6,50,26,1.42,8.24,4.23,4.28,0.2,800.4,7501
Sean Marshall,,3,3,0,0,4.06,0,65,65,65,29,6,52,28,1.44,7.19,3.92,4.28,0.1,999,5905
Huston Street,Angels,3,3,8,11,4.08,0,55,55,54,25,7,47,19,1.33,7.64,3.16,4.28,0,347.2,8258
Max Povse,Mariners,0,1,0,1,4.32,0,10,10,10,5,1,8,3,1.32,6.96,2.46,4.28,0,960.9,16165
Clay Buchholz,Phillies,6,7,0,0,4.25,18,18,103,102,49,13,87,34,1.32,7.56,2.97,4.29,1.5,383.9,3543
Scott Alexander,Royals,1,1,0,3,4.19,0,30,30,31,14,3,22,11,1.41,6.74,3.4,4.29,0,999,10591
Chad Qualls,Rockies,2,2,0,8,4.55,0,40,40,44,20,6,30,10,1.36,6.82,2.29,4.29,0.1,999,2170
Jose Urena,Marlins,4,4,0,9,4.35,5,45,68,70,33,8,49,22,1.36,6.53,2.94,4.29,0.2,877,11589
John Gant,Cardinals,3,4,0,1,4.39,6,31,63,62,31,8,57,25,1.39,8.15,3.63,4.29,0.4,995.9,13684
Ervin Santana,Twins,11,12,0,0,4.43,32,32,198,209,98,26,158,63,1.37,7.16,2.85,4.3,2.4,273.6,3200
Dylan Bundy,Orioles,11,9,0,0,4.18,26,26,148,144,69,21,139,53,1.33,8.45,3.2,4.3,2.3,234.8,12917
Jandel Gustave,Astros,2,2,0,3,4.26,0,30,30,29,14,4,27,13,1.39,8.24,3.84,4.3,0,999,14665
Nathan Karns,Royals,8,8,0,0,4.32,26,26,148,143,71,19,140,61,1.38,8.52,3.69,4.3,1.6,397.4,12638
Jeremy Hellickson,Orioles,9,11,0,0,4.33,29,29,170,173,82,25,142,46,1.29,7.5,2.44,4.3,2.2,266.5,4371
Ryan Garton,Mariners,1,1,0,1,4.18,0,15,15,15,7,2,13,6,1.39,7.79,3.74,4.3,0,999,14016
Conor Mullee,,4,4,0,0,4.12,0,65,65,60,30,8,63,28,1.35,8.75,3.86,4.3,0,999,11580
Charlie Morton,Astros,7,8,0,0,4.35,21,21,119,121,57,14,100,42,1.37,7.57,3.21,4.3,1.2,395.5,4676
Mike Fiers,Astros,11,11,0,0,4.32,31,31,179,181,86,26,151,50,1.28,7.56,2.49,4.31,2.2,360,7754
Patrick Corbin,Diamondbacks,8,8,0,0,4.35,24,24,138,146,67,17,112,48,1.4,7.26,3.1,4.31,1.4,407.5,9323
Phil Hughes,Twins,8,9,0,0,4.59,24,24,141,159,72,22,99,23,1.29,6.31,1.45,4.31,1.9,730.8,7450
Tom Wilhelmsen,Diamondbacks,2,2,0,9,4.41,0,40,40,40,20,5,34,17,1.42,7.68,3.91,4.32,0,999,9975
Anthony Banda,Diamondbacks,1,1,0,0,4.35,2,2,9,9,4,1,8,4,1.39,7.7,3.41,4.32,0.1,920.8,14706
Tommy Milone,Mets,3,3,0,3,4.4,5,35,58,61,28,9,48,15,1.3,7.5,2.34,4.32,0.4,942.4,7608
Joely Rodriguez,Rangers,2,2,0,8,4.21,0,40,40,40,19,5,33,16,1.39,7.4,3.54,4.32,0.1,999,11487
Austin Voth,,3,3,0,1,4.28,8,23,62,62,29,8,53,23,1.37,7.67,3.36,4.32,0.5,999,sa621465
Cody Anderson,Indians,1,1,0,0,4.4,3,3,18,20,9,3,15,5,1.35,7.1,2.55,4.32,0.2,891.6,12799
JC Ramirez,Angels,4,5,2,12,4.21,6,61,93,93,43,11,73,34,1.38,7.06,3.32,4.33,0.3,985.9,8302
Daniel Mengden,Athletics,1,1,0,0,4.63,2,2,9,9,5,1,8,4,1.41,7.57,3.42,4.33,0.1,799.4,16980
Wade Miley,Orioles,10,10,0,0,4.48,29,29,169,180,84,22,135,56,1.39,7.16,2.97,4.34,2,704.3,8779
Chris Bassitt,Athletics,0,1,0,0,4.44,2,2,9,10,5,1,7,4,1.41,7.2,3.41,4.34,0.1,989.9,12304
Kyle Ryan,Tigers,2,2,0,8,4.13,0,40,40,42,18,4,27,14,1.4,6.03,3.11,4.34,0,999,11753
Jordan Zimmermann,Tigers,10,10,0,0,4.35,29,29,171,186,83,24,121,38,1.31,6.35,2.02,4.34,2.4,294.8,4505
Nate Smith,,1,1,0,1,4.22,0,10,10,10,5,1,8,3,1.32,7.09,2.87,4.34,0,999,sa737900
Steve Hathaway,Diamondbacks,2,1,0,3,4.23,0,30,30,29,14,4,28,14,1.44,8.36,4.13,4.34,0,999,15293
Josh Tomlin,Indians,9,8,0,0,4.37,23,23,132,143,64,22,98,21,1.24,6.67,1.42,4.35,1.5,319,9388
Kevin Gadea,,0,0,0,1,4.28,0,10,10,9,5,1,9,4,1.4,8.27,4.04,4.35,0,999,sa735841
Clayton Richard,Padres,8,9,0,0,4.21,24,24,144,160,67,15,89,48,1.44,5.55,2.98,4.35,1.3,813.5,3551
Kendall Graveman,Athletics,9,11,0,0,4.44,29,29,172,191,85,20,108,48,1.39,5.67,2.53,4.35,1.6,343.3,15514
Jose Ramirez,Braves,2,3,1,10,4.18,0,45,45,41,21,5,48,24,1.44,9.54,4.73,4.35,-0.1,999,10171
Alex Wilson,Tigers,2,2,1,10,4.08,0,45,45,47,20,5,31,14,1.36,6.27,2.82,4.35,0.1,770.6,9239
Ian Kennedy,Royals,11,11,0,0,4.17,31,31,181,176,84,27,167,60,1.3,8.31,2.97,4.35,2.2,223,6986
Brent Suter,Brewers,2,3,1,10,4.36,0,45,45,48,22,6,34,12,1.34,6.72,2.46,4.36,0.2,999,13942
Dovydas Neverauskas,Pirates,1,1,0,1,4.28,0,10,10,10,5,1,9,5,1.47,7.92,4.27,4.36,0,999,11604
Joe Mantiply,Tigers,1,1,0,1,4.44,0,15,15,16,7,2,12,5,1.37,7.39,2.96,4.36,0,999,14857
Joe Nathan,Giants,5,5,0,0,4.45,0,65,65,63,32,10,67,28,1.4,9.3,3.91,4.37,0,855.1,1122
Jason Vargas,Royals,9,9,0,0,4.33,26,26,148,158,71,21,109,37,1.32,6.63,2.28,4.37,1.8,604.3,8044
Matt Dermody,Blue Jays,1,1,0,1,4.6,0,15,15,16,8,2,11,4,1.36,6.5,2.52,4.37,0,999,14844
Jeff Hoffman,Rockies,2,2,0,1,4.37,2,22,29,30,14,4,27,11,1.42,8.14,3.44,4.38,0.1,711.4,17432
Tyler Clippard,Astros,4,3,1,16,4.05,0,55,55,49,25,9,59,22,1.3,9.6,3.67,4.38,0.3,709.3,5640
Perci Garner,Indians,1,1,0,3,4.24,0,30,30,30,14,3,26,13,1.45,7.84,3.96,4.38,0,999,10887
Kyle Gibson,Twins,9,10,0,0,4.56,28,28,161,176,81,19,112,55,1.44,6.29,3.1,4.39,1.7,590.1,10123
Anibal Sanchez,Tigers,6,6,0,5,4.61,11,46,100,102,51,15,84,32,1.34,7.53,2.86,4.39,0.9,569.9,3284
Zach Lee,Padres,0,1,0,0,4.65,2,2,9,10,5,1,6,2,1.35,6.22,2.41,4.39,0.1,999,11468
Mike Dunn,Rockies,3,3,1,10,4.32,0,45,45,45,22,7,45,18,1.39,9.02,3.55,4.39,0.2,856.1,9948
Reynaldo Lopez,White Sox,2,2,0,1,4.54,3,13,29,28,15,4,29,12,1.4,9.07,3.78,4.39,0.2,999,16400
Mike Clevinger,Indians,4,4,0,1,4.46,10,25,71,70,35,10,67,29,1.39,8.39,3.65,4.39,0.7,695.5,12808
Chad Green,Yankees,7,7,0,1,4.49,18,28,113,115,57,18,104,36,1.34,8.28,2.85,4.4,1.2,999,15552
Christian Friedrich,Padres,3,4,0,0,4.52,11,11,65,67,33,8,51,26,1.43,7.14,3.55,4.41,0.7,870.9,7942
Chad Kuhl,Pirates,7,8,0,0,4.49,23,23,130,141,65,17,95,37,1.37,6.56,2.59,4.41,1,376.4,14975
Jason Hammel,Royals,10,10,0,0,4.29,28,28,155,157,74,23,127,45,1.31,7.39,2.61,4.41,1.5,293,4538
Junior Guerra,Brewers,10,11,0,0,4.34,31,31,182,178,88,25,166,72,1.37,8.22,3.56,4.41,2.2,276.5,5702
Steven Wright,Red Sox,10,8,0,0,4.26,24,24,143,148,68,18,110,50,1.38,6.93,3.11,4.42,1.4,298.6,8185
Martin Perez,Rangers,9,9,0,0,4.45,28,28,161,178,80,17,101,56,1.45,5.62,3.14,4.42,1.6,416.5,6902
Tyler Chatwood,Rockies,12,10,0,0,4.37,29,29,172,181,83,20,134,71,1.46,7.01,3.69,4.42,2.1,350.4,4338
Jorge de la Rosa,Diamondbacks,5,4,1,10,4.36,6,51,83,84,40,10,72,34,1.43,7.8,3.69,4.42,0.4,915,2047
Scott Oberg,Rockies,1,1,0,3,4.3,0,30,30,30,14,4,27,13,1.45,8.16,3.97,4.42,0,999,13911
Bobby Wahl,Athletics,0,0,0,1,4.5,0,10,10,10,5,1,10,6,1.51,8.86,5.02,4.42,0,999,14832
Austin Pruitt,Rays,3,3,0,8,4.48,2,42,49,52,25,7,36,12,1.31,6.5,2.24,4.43,0,920.9,15290
Luke Sims,Braves,1,1,0,1,4.31,0,15,15,14,7,2,16,9,1.51,9.48,5.42,4.43,0,999,13470
Ben Lively,Phillies,1,2,0,1,4.49,2,17,24,25,12,4,21,8,1.33,7.79,2.96,4.43,0.1,909.5,14932
Johnny Barbato,Pirates,1,1,0,1,4.38,0,15,15,14,7,2,15,7,1.42,9.18,4.28,4.43,0,999,11440
Chris Rusin,Rockies,4,4,0,5,4.54,6,41,73,82,37,9,51,22,1.43,6.38,2.72,4.43,0.5,937.3,9895
Tony Cingrani,Dodgers,3,3,1,12,4.19,0,55,55,49,26,7,57,30,1.43,9.36,4.9,4.43,0.1,644.7,12555
Kevin Jepsen,,3,3,0,0,4.27,0,65,65,64,31,9,57,26,1.39,7.83,3.64,4.43,0,999,6475
Greg Mahle,Angels,1,1,0,1,4.3,0,15,15,15,7,2,12,6,1.39,6.92,3.42,4.43,0,999,16877
Glenn Sparkman,Blue Jays,1,1,0,1,4.47,0,10,10,11,5,2,8,3,1.33,7.56,2.52,4.43,0,999,15200
Jake Peavy,,3,3,0,0,4.44,8,8,46,48,23,7,36,14,1.34,6.97,2.68,4.43,0.5,922.1,1051
Jacob Faria,Rays,2,2,0,1,4.38,3,13,29,27,14,4,27,14,1.42,8.42,4.28,4.43,0.2,990.9,13699
Walker Lockett,,1,1,0,1,4.52,2,12,19,21,10,3,13,5,1.34,6.21,2.26,4.44,0.1,999,sa657984
Adam Warren,Yankees,4,4,0,10,4.36,5,50,73,73,35,10,62,26,1.36,7.67,3.26,4.44,0.4,872,9029
Henderson Alvarez,,5,6,0,0,4.36,16,16,94,106,45,12,57,24,1.39,5.48,2.31,4.45,0.9,951,5669
Nick Pivetta,Phillies,2,2,0,1,4.4,2,22,29,29,14,4,27,12,1.38,8.35,3.62,4.45,0.1,957.9,15454
Luis Perdomo,Padres,7,10,0,0,4.69,23,23,131,146,68,16,94,44,1.45,6.48,3.04,4.45,1,485.7,14682
Jeff Locke,Marlins,3,4,0,0,4.49,11,11,65,69,33,7,45,24,1.42,6.17,3.32,4.46,0.5,898.2,2929
Tyler Cravy,Brewers,1,1,0,1,4.49,0,20,20,19,10,3,19,8,1.38,8.58,3.66,4.46,0,999,10770
Jared Hughes,Brewers,3,3,3,0,4.02,0,65,65,70,29,6,40,23,1.43,5.59,3.19,4.46,-0.1,972.4,9325
Ben Heller,Yankees,2,2,0,3,4.32,0,30,30,28,14,4,32,14,1.4,9.57,4.24,4.47,0,920.9,15100
Mike Mayers,Cardinals,2,3,0,1,4.55,3,23,39,41,20,5,30,14,1.4,6.99,3.17,4.47,0.1,999,15451
CC Sabathia,Yankees,8,8,0,0,4.48,24,24,143,150,71,20,118,47,1.37,7.37,2.96,4.47,1.8,379.5,404
Austin Adams,Nationals,0,0,0,1,4.3,0,10,10,9,5,1,11,7,1.57,9.51,6.02,4.48,0,999,13801
Ashur Tolliver,Astros,0,0,0,1,4.47,0,10,10,10,5,1,10,5,1.42,8.72,4.11,4.48,0,999,10044
Seth Lugo,Mets,4,5,0,1,4.53,11,31,86,88,43,12,69,26,1.34,7.19,2.78,4.48,0.5,412.7,12447
Dillon Overton,Padres,2,3,0,1,4.53,3,23,39,41,20,6,30,10,1.33,6.85,2.37,4.48,0.1,999,15627
Ryan Merritt,Indians,2,2,0,1,4.6,3,13,29,33,15,4,18,6,1.33,5.58,1.75,4.49,0.2,875,13688
Robbie Erlin,Padres,0,1,0,0,4.71,2,2,9,10,5,1,7,3,1.35,7.02,2.68,4.49,0.1,999,10354
Trevor Williams,Pirates,8,9,0,6,4.6,18,53,138,154,71,17,93,44,1.43,6.06,2.86,4.49,0.6,677.5,16977
R.A. Dickey,Braves,9,11,0,0,4.38,28,28,162,161,79,21,121,56,1.35,6.72,3.14,4.5,1.4,391.8,1245
Ross Ohlendorf,,5,5,0,0,4.3,0,65,65,61,31,10,65,27,1.36,9.02,3.74,4.5,0,999,8268
Jimmy Nelson,Brewers,7,8,0,0,4.57,21,21,122,125,62,15,101,47,1.42,7.48,3.51,4.51,1.4,564.2,10547
Rob Zastryzny,Cubs,1,1,0,1,4.48,0,25,25,25,12,3,22,10,1.38,7.98,3.59,4.51,0,999,15094
Jarrod Parker,,1,1,0,0,4.56,3,3,18,20,9,3,13,6,1.38,6.5,2.77,4.51,0.2,974.9,4913
Dan Straily,Marlins,8,9,0,0,4.42,24,24,143,139,70,20,123,54,1.35,7.74,3.38,4.51,1,304.9,9460
Matt Wisler,Braves,7,9,0,0,4.65,21,21,122,128,63,18,94,37,1.36,6.94,2.75,4.52,0.8,721.5,12804
Justin Nicolino,Marlins,4,4,0,0,4.55,11,11,65,73,33,8,34,16,1.37,4.65,2.2,4.52,0.4,861.3,11754
Drew VerHagen,Tigers,1,1,0,1,4.44,0,20,20,21,10,2,14,8,1.47,6.21,3.55,4.53,0,999,13424
Jakob Junis,Royals,1,1,0,0,4.61,2,2,9,10,5,1,7,2,1.34,6.66,2.39,4.53,0.1,999,13619
Ariel Miranda,Mariners,7,8,0,0,4.38,23,23,130,131,63,19,105,45,1.35,7.24,3.09,4.53,1.4,541.6,17526
Tom Koehler,Marlins,8,9,0,0,4.46,24,24,138,140,68,17,108,57,1.43,7.04,3.74,4.53,0.9,616,6570
German Marquez,Rockies,5,4,0,0,4.74,13,13,74,83,39,11,57,22,1.42,6.97,2.7,4.54,0.8,787.3,15038
Joe Gunkel,,1,1,0,1,4.69,0,10,10,11,5,2,7,2,1.3,6.38,1.78,4.54,0,999,sa738176
Justin Haley,Twins,2,2,0,1,4.69,0,25,25,27,13,3,20,9,1.45,7.06,3.41,4.55,0,999,13572
Pat Light,Pirates,1,1,0,1,4.61,0,15,15,15,8,2,14,9,1.56,8.19,5.14,4.55,0,999,13427
Bo Schultz,Blue Jays,1,1,0,1,4.58,0,10,10,10,5,1,8,3,1.38,6.94,3.1,4.55,0,999,5028
Chris Tillman,Orioles,8,8,0,0,4.52,23,23,130,133,65,18,104,47,1.39,7.15,3.26,4.55,1.3,298.7,5279
Tayron Guerrero,Marlins,1,1,0,1,4.4,0,10,10,9,5,1,9,5,1.48,8.22,4.84,4.55,0,999,11691
Travis Wood,Padres,4,4,0,8,4.32,8,48,86,85,41,12,69,34,1.38,7.23,3.58,4.56,0.5,808.3,9884
Wily Peralta,Brewers,8,10,0,0,4.73,24,24,141,154,74,19,106,48,1.44,6.8,3.09,4.56,1.3,597.8,7738
Juan Minaya,White Sox,1,1,0,1,4.66,0,20,20,20,10,2,18,10,1.48,7.96,4.28,4.56,0,999,10341
Wandy Peralta,Reds,1,2,0,5,4.37,0,35,35,34,17,4,29,16,1.45,7.5,4.2,4.56,0,999,14295
Michael Blazek,Brewers,0,1,0,1,4.52,0,10,10,10,5,1,9,5,1.46,7.95,4.1,4.57,0,896.4,9654
Ubaldo Jimenez,Orioles,7,8,0,1,4.73,18,28,113,115,60,15,98,51,1.46,7.81,4.06,4.57,1.1,737.3,3374
Matt Koch,Diamondbacks,1,1,0,1,4.72,0,15,15,17,8,2,10,3,1.35,5.76,2.08,4.58,0,999,13420
Jose Leclerc,Rangers,0,0,0,1,4.44,0,10,10,9,5,1,11,7,1.59,9.73,6.15,4.59,0,999,14524
Tim Cooney,Indians,3,3,0,0,4.43,8,8,47,51,23,7,35,14,1.37,6.78,2.61,4.59,0.4,893.6,13762
Josh Collmenter,Braves,1,2,0,1,4.36,2,27,34,36,17,5,24,11,1.36,6.32,2.78,4.59,0,832.8,7312
Jesse Hahn,Athletics,4,4,0,0,4.73,11,11,65,70,34,7,45,27,1.49,6.18,3.68,4.6,0.5,818.6,13287
Chase De Jong,Mariners,1,1,0,1,4.58,2,12,19,20,10,3,16,7,1.35,7.32,3.03,4.61,0.1,826.8,15036
Adalberto Mejia,Twins,6,7,0,0,4.71,19,19,112,122,59,17,89,36,1.41,7.15,2.91,4.61,0.9,820.1,13188
Matt Cain,Giants,5,6,0,0,4.55,16,16,94,98,48,13,70,31,1.38,6.73,3,4.61,0.6,840.2,4732
Chase Anderson,Brewers,6,8,0,1,4.68,16,41,119,125,62,19,100,38,1.37,7.54,2.9,4.61,0.8,738.4,6895
Brandon Workman,Red Sox,1,1,0,1,4.85,0,10,10,11,5,1,8,4,1.48,7.12,3.59,4.61,0,999,11428
Daniel Wright,Angels,1,1,0,0,4.65,2,2,9,10,5,1,6,3,1.36,6.08,2.49,4.61,0.1,999,15179
Yovani Gallardo,Mariners,8,10,0,0,4.62,24,24,138,147,71,18,100,55,1.47,6.51,3.61,4.62,1,641.8,8173
Marco Estrada,Blue Jays,10,9,0,0,4.32,28,28,167,156,80,25,130,53,1.25,7.01,2.86,4.62,1.9,195.6,1118
Matt Boyd,Tigers,7,7,0,0,4.58,21,21,122,127,62,19,100,39,1.36,7.35,2.89,4.62,1.3,373.7,15440
Keynan Middleton,Angels,0,0,0,1,4.5,0,10,10,10,5,1,10,5,1.44,8.6,4.38,4.62,0,813.9,15264
Alex Wimmers,Twins,0,1,0,1,4.76,0,10,10,10,5,1,8,4,1.5,7.4,4.03,4.63,0,999,11394
Damien Magnifico,Angels,1,1,0,1,4.54,0,10,10,10,5,1,9,5,1.5,7.91,4.58,4.64,0,999,13395
Aaron Blair,Braves,1,2,0,0,4.77,5,5,28,29,15,4,24,12,1.45,7.75,3.84,4.64,0.2,817.1,14934
Vicente Campos,Angels,1,1,0,1,4.44,2,12,19,20,10,3,14,7,1.38,6.45,3.03,4.64,0.1,999,11681
Brad Peacock,Astros,3,4,0,6,4.65,6,41,73,71,38,11,68,30,1.4,8.42,3.75,4.64,0.2,847.8,5401
Scott Feldman,Reds,8,11,0,0,4.65,28,28,165,180,85,24,112,49,1.38,6.08,2.65,4.64,1.3,650.9,6283
Jairo Diaz,Rockies,1,1,0,1,4.61,0,10,10,10,5,1,9,5,1.51,8.41,4.5,4.64,0,999,12774
Keyvius Sampson,,3,3,0,0,4.55,0,65,65,62,33,9,64,33,1.47,8.84,4.62,4.65,-0.1,999,10039
Rafael Montero,Mets,2,3,0,3,4.78,3,33,49,49,26,7,43,22,1.45,8.02,4.12,4.65,0.1,944.9,12760
Kevin McCarthy,Royals,1,1,0,1,4.64,0,10,10,11,5,1,7,4,1.45,6.39,3.53,4.65,0,999,15240
Jim Henderson,,3,4,0,0,4.65,0,65,65,62,34,10,66,31,1.42,9.15,4.25,4.65,0,970.9,6653
Brandon Finnegan,Reds,10,12,0,0,4.42,29,29,170,162,83,26,156,73,1.38,8.25,3.86,4.66,1.4,302.4,16208
John Danks,,4,5,0,0,4.64,13,13,76,81,39,11,54,24,1.39,6.4,2.86,4.66,0.6,999,6329
Mat Latos,Blue Jays,3,3,0,1,4.75,6,16,48,51,25,7,35,16,1.41,6.66,2.97,4.67,0.3,966.5,3815
Colby Lewis,,9,10,0,0,4.72,28,28,166,184,87,26,115,42,1.36,6.23,2.3,4.67,1.3,716.2,1259
Jaime Schultz,,0,1,0,0,4.52,2,2,9,8,5,1,10,6,1.51,9.4,5.46,4.67,0.1,999,sa708975
Doug Fister,Red Sox,9,11,0,0,4.58,28,28,161,180,82,23,106,46,1.39,5.91,2.54,4.67,1.1,726.3,9425
Tanner Scheppers,Rangers,0,0,0,1,4.58,0,10,10,10,5,1,8,5,1.45,7.53,4.14,4.67,0,938.9,10267
A.J. Cole,Nationals,3,3,0,0,4.62,10,10,55,57,28,9,46,17,1.35,7.5,2.84,4.67,0.5,999,11467
Dietrich Enns,Twins,1,1,0,1,4.49,0,20,20,20,10,3,18,10,1.47,8.04,4.33,4.67,0,999,13932
Dustin Molleken,Tigers,0,1,0,1,4.75,0,10,10,10,5,1,9,5,1.53,7.92,4.63,4.69,0,999,6200
Sam Moll,,1,0,0,1,4.57,0,10,10,11,5,1,8,4,1.5,7.34,3.64,4.69,0,999,sa709023
Adam Morgan,Phillies,2,3,0,1,4.87,5,15,38,41,21,6,30,11,1.34,7.11,2.49,4.7,0.2,939.4,12580
Braden Shipley,Diamondbacks,6,7,0,0,4.77,18,18,102,113,54,15,71,33,1.43,6.27,2.92,4.71,0.6,839.7,15158
Roenis Elias,Red Sox,1,1,0,0,4.7,2,2,9,10,5,1,8,4,1.49,7.44,4.13,4.71,0.1,875.9,12673
Chih-Wei Hu,Rays,0,1,0,0,4.7,2,2,9,10,5,1,6,3,1.41,6.27,3.07,4.72,0.1,923.5,16419
Barrett Astin,Reds,2,3,0,8,4.74,0,40,40,40,21,6,34,15,1.37,7.63,3.27,4.72,-0.1,999,14812
Mark Appel,,2,2,0,0,4.71,5,5,28,28,15,4,24,12,1.43,7.58,3.83,4.72,0.2,999,sa501726
Lucas Giolito,White Sox,3,3,0,0,4.71,10,10,55,56,29,8,51,24,1.46,8.27,3.95,4.72,0.5,317.4,15474
Chris Heston,Twins,1,1,0,0,4.69,2,2,9,10,5,1,7,4,1.44,6.45,3.4,4.73,0,924.3,10302
Matt Garza,Brewers,7,9,0,0,4.97,23,23,127,140,70,19,90,43,1.45,6.42,3.05,4.74,1.2,865.3,3340
Ryne Stanek,Rays,1,1,0,1,4.63,0,10,10,10,5,1,9,5,1.47,7.73,4.36,4.74,0,929.4,15947
Jimmy Cordero,,0,0,0,1,4.85,0,10,10,10,5,1,8,5,1.52,7.11,4.37,4.74,0,999,sa680023
Jake Esch,Padres,1,2,0,1,4.71,2,17,24,26,13,3,16,9,1.44,6.05,3.26,4.76,0,999,12756
Richard Bleier,Orioles,1,1,0,1,4.73,0,20,20,24,11,3,10,4,1.37,4.32,1.69,4.76,0,1058.9,7803
Austin Brice,Reds,0,1,0,1,4.68,0,10,10,10,5,1,9,5,1.44,8.24,4.11,4.77,0,999,17237
Sal Romano,Reds,1,1,0,0,4.85,3,3,19,20,10,3,14,6,1.4,6.87,3.04,4.77,0.1,763.5,13690
Miguel Gonzalez,White Sox,8,9,0,0,4.77,24,24,140,151,74,22,107,44,1.39,6.88,2.86,4.77,1.2,597,7024
Hunter Wood,Rays,0,1,0,0,4.75,2,2,9,9,5,1,8,4,1.46,7.32,4.09,4.77,0,999,15091
Jordan Montgomery,Yankees,3,3,0,0,4.76,8,8,47,49,25,7,38,18,1.44,7.3,3.53,4.77,0.4,632.5,16511
Clay Holmes,,1,2,0,3,4.83,0,30,30,32,16,4,22,14,1.53,6.58,4.19,4.77,-0.1,999,sa598167
Asher Wojciechowski,Reds,0,1,0,1,4.85,0,10,10,11,5,1,8,4,1.45,6.95,3.4,4.77,0,999,10836
Miguel Almonte,Royals,3,4,0,1,4.66,5,30,53,54,28,7,45,26,1.51,7.64,4.48,4.79,0.1,999,14139
Andrew Cashner,Rangers,6,7,0,0,4.95,19,19,110,122,61,16,80,41,1.48,6.57,3.32,4.79,0.7,627.1,8782
Jarred Cosart,Padres,4,7,0,0,4.81,16,16,94,100,50,10,64,47,1.56,6.09,4.5,4.79,0.4,934.4,10304
Michael Ynoa,White Sox,2,2,1,9,4.7,0,45,45,44,23,6,42,25,1.53,8.34,4.93,4.8,-0.1,999,14093
Warwick Saupold,Tigers,1,1,0,1,4.93,0,10,10,11,5,1,7,4,1.51,6.44,3.66,4.81,0,999,13211
Eric Stults,,2,3,0,0,4.82,8,8,46,51,25,7,29,13,1.4,5.73,2.54,4.81,0.3,999,8011
Chris Young,Royals,5,5,1,10,4.73,6,51,83,82,43,15,80,34,1.4,8.67,3.69,4.81,0.2,999,3196
Tim Adleman,Reds,1,2,0,1,4.69,2,22,29,31,15,5,23,9,1.35,6.92,2.8,4.81,0,830.9,10968
Jordan Lyles,Rockies,2,2,0,0,4.98,5,5,28,32,16,4,19,11,1.54,6.02,3.64,4.82,0.2,999,7593
Zach Eflin,Phillies,2,3,0,0,4.99,8,8,46,51,25,8,30,11,1.35,5.92,2.22,4.82,0.4,898,13774
Andrew Faulkner,Orioles,1,1,0,1,4.67,0,20,20,20,10,3,17,10,1.5,7.73,4.32,4.82,0,999,12982
Rayan Gonzalez,,1,1,0,1,4.88,0,10,10,11,5,1,8,5,1.59,7.49,4.77,4.82,0,999,sa455370
Brian Johnson,Red Sox,2,2,0,0,4.77,5,5,28,30,15,4,21,12,1.51,6.92,3.99,4.82,0.2,999,14272
Tyler Wilson,Orioles,5,5,0,0,4.97,15,15,83,95,46,13,55,22,1.4,5.89,2.42,4.83,0.7,999,12691
Derek Holland,White Sox,6,8,0,0,4.84,19,19,111,119,60,18,83,38,1.42,6.77,3.1,4.83,0.9,656.6,4141
Taylor Jungmann,Brewers,4,6,0,8,4.94,8,48,87,88,48,12,78,45,1.52,8.06,4.66,4.83,0.3,943.9,13119
Alfredo Simon,,3,4,0,0,4.91,0,65,65,70,35,9,45,23,1.44,6.28,3.2,4.84,-0.2,999,2155
Craig Breslow,Twins,2,2,0,5,4.86,0,35,35,39,19,5,26,14,1.53,6.72,3.7,4.85,0,999,4363
Matt Harrison,,1,1,0,0,4.77,3,3,18,20,10,2,11,7,1.51,5.59,3.59,4.86,0.1,999,5551
Lucas Harrell,,3,4,0,0,4.74,0,65,65,68,34,8,51,35,1.59,7.02,4.83,4.87,-0.3,999,7541
Kendry Flores,Marlins,0,1,0,0,4.9,2,2,9,10,5,1,7,3,1.45,6.55,3.4,4.87,0,999,12118
Eddie Gamboa,Rays,1,1,0,1,4.75,0,10,10,10,5,1,9,6,1.57,7.77,5.12,4.88,0,999,6911
Nefi Ogando,Reds,0,0,0,1,4.62,0,10,10,10,5,1,8,5,1.49,7.34,4.74,4.88,0,999,12253
Paul Blackburn,Athletics,0,1,0,0,5.06,2,2,9,11,5,1,6,3,1.49,5.44,2.91,4.88,0,999,14739
Rob Whalen,Mariners,0,1,0,0,4.92,2,2,9,10,5,1,7,4,1.47,7.25,3.94,4.88,0,999,14165
Jered Weaver,Padres,7,11,0,0,4.8,24,24,145,156,77,23,96,42,1.36,5.93,2.57,4.88,0.9,766.3,4235
Raul Alcantara,Athletics,5,6,0,1,5.01,15,30,100,113,55,16,64,27,1.4,5.78,2.41,4.89,0.4,921.7,12790
Tim Lincecum,,4,6,0,0,5.05,13,13,75,81,42,11,58,32,1.5,6.96,3.83,4.89,0.3,999,5705
Nick Travieso,,1,1,0,1,4.77,0,10,10,10,5,1,8,4,1.45,6.93,3.76,4.89,0,999,sa657906
Antonio Senzatela,Rockies,7,7,0,1,5.03,16,31,109,125,61,17,77,37,1.48,6.39,3.03,4.9,0.8,719.1,15488
Eric Gagne,,0,0,0,0,5.41,0,65,65,79,39,9,67,38,1.8,9.32,5.29,4.9,-0.1,999,650
Christopher Smith,,0,0,0,0,5.41,0,20,20,24,12,3,21,12,1.8,9.32,5.29,4.9,0,999,sa454625
Jorge Lopez,,0,0,0,0,5.41,0,15,15,18,9,2,16,9,1.8,9.32,5.29,4.9,0,999,sa506575
Christian Bethancourt,Padres,0,0,0,0,5.41,0,20,20,24,12,3,21,12,1.8,9.32,5.29,4.9,0,796,10028
Marcos Molina,,0,0,0,0,5.41,0,10,10,12,6,1,10,6,1.8,9.32,5.29,4.9,0,999,sa503994
Chris Narveson,Marlins,1,1,0,1,4.77,0,20,20,21,11,3,16,7,1.43,7.35,3.34,4.9,0,999,2141
Paul Clemens,,3,4,0,0,4.87,8,8,47,49,25,7,37,20,1.48,7.17,3.89,4.91,0.3,972.4,8037
Buck Farmer,Tigers,4,5,0,1,5.03,10,35,81,88,45,13,64,31,1.45,7.12,3.38,4.93,0.4,999,14814
Dillon Gee,Twins,3,3,0,0,4.99,8,8,46,53,26,8,31,14,1.44,5.97,2.63,4.93,0.3,974.9,7396
Pierce Johnson,Cubs,1,1,0,0,4.79,2,2,9,9,5,1,9,5,1.54,8.27,5.13,4.94,0,999,13435
Amir Garrett,Reds,6,8,0,0,4.77,19,19,112,110,59,16,98,58,1.51,7.87,4.7,4.94,0.6,629,14375
Jarlin Garcia,Marlins,0,1,0,0,4.94,2,2,9,10,5,1,6,3,1.46,5.87,3.24,4.96,0,999,18282
Joe Beimel,,3,3,0,0,4.72,0,65,65,73,34,8,38,26,1.52,5.28,3.64,4.96,-0.5,999,979
Jake Thompson,Phillies,3,5,0,0,4.89,11,11,63,67,34,10,47,24,1.45,6.65,3.46,4.96,0.3,999,14371
Edwin Jackson,Nationals,7,11,0,0,5.18,24,24,139,151,80,20,96,58,1.51,6.2,3.76,4.96,0.6,999,1841
Luis Cessa,Yankees,2,2,0,0,5.08,5,5,28,30,16,5,21,9,1.4,6.86,2.79,4.96,0.2,754.4,13345
James Shields,White Sox,8,11,0,0,4.98,28,28,164,175,91,27,135,63,1.46,7.43,3.47,4.97,0.9,381.3,7059
Aaron Harang,,7,10,0,0,5.06,24,24,145,161,81,23,97,47,1.43,6.02,2.9,4.98,0.6,999,1451
Mason Melotakis,,0,0,0,1,4.96,0,10,10,11,6,1,8,5,1.54,7.58,4.33,4.99,0,999,sa621016
Keury Mella,,0,1,0,1,4.93,0,10,10,11,5,1,8,4,1.49,6.92,3.94,4.99,0,999,sa657486
Eddie Butler,Cubs,3,4,0,0,4.93,10,10,55,61,30,8,33,21,1.48,5.35,3.39,4.99,0.2,881.6,13453
Gonzalez Germen,Rockies,1,1,0,1,4.99,0,25,25,26,14,4,22,13,1.57,7.9,4.81,5,0,999,5876
Chris Beck,White Sox,2,3,0,1,5.09,3,28,44,49,25,6,30,18,1.53,6.24,3.78,5.01,0.1,999,13418
Jesus Liranzo,,0,0,0,1,4.8,0,10,10,10,5,2,10,6,1.51,8.79,5.05,5.02,0,999,sa658076
Chris Flexen,Mets,1,1,0,1,4.99,0,10,10,11,6,1,7,5,1.54,6.34,4.33,5.02,0,999,13896
Robert Stephenson,Reds,3,5,0,1,4.86,6,31,63,58,34,10,65,37,1.52,9.31,5.38,5.03,0.2,707.8,13594
Casey Lawrence,Mariners,3,3,0,0,5.2,8,8,47,55,27,8,26,12,1.45,5.08,2.35,5.04,0.2,999,11121
A.J. Griffin,Rangers,6,7,0,0,4.92,21,21,119,124,65,22,100,40,1.38,7.55,3.06,5.04,0.8,744,11132
Hector Santiago,Twins,10,12,0,0,4.92,31,31,177,184,97,29,146,77,1.47,7.4,3.91,5.05,1.1,592.6,4026
Connor Sadzeck,,1,2,0,1,4.98,2,17,24,26,14,3,18,13,1.6,6.8,4.67,5.06,0,999,sa550247
Nick Martinez,Rangers,1,1,0,0,4.99,3,3,18,21,10,3,12,6,1.48,5.62,3.09,5.07,0.1,999,12730
Shane Carle,Rockies,1,1,0,0,5.26,2,2,9,11,5,2,6,3,1.49,5.58,2.57,5.07,0.1,999,15258
Kyle Kendrick,Red Sox,4,4,0,1,5.2,10,20,66,78,38,11,39,19,1.45,5.28,2.52,5.07,0.1,909.9,6230
Gerardo Concepcion,,3,3,0,0,4.98,0,65,65,66,36,8,52,37,1.58,7.21,5.09,5.07,-0.1,999,14411
Luis Ysla,,1,1,0,1,4.93,0,10,10,10,5,1,9,6,1.6,7.71,5.08,5.08,0,999,sa739569
Jayson Aquino,Orioles,2,3,1,9,5.09,0,45,45,51,25,7,27,14,1.46,5.49,2.82,5.08,-0.1,763.9,13150
Rookie Davis,Reds,5,8,0,0,5.08,19,19,114,125,64,19,79,39,1.44,6.28,3.07,5.09,0.5,756.5,14962
Taylor Guerrieri,,3,5,0,0,5,11,11,65,72,36,10,39,24,1.47,5.45,3.31,5.09,0.1,999,sa597787
Bryan Mitchell,Yankees,7,9,0,1,5.21,19,29,123,131,71,19,98,58,1.53,7.16,4.23,5.1,0.5,775.3,11479
Mike Wright,Orioles,4,5,0,0,5.2,13,13,73,82,42,12,50,23,1.44,6.09,2.85,5.12,0.4,999,12586
Logan Verrett,Orioles,1,1,0,0,5.24,3,3,18,21,11,3,13,7,1.49,6.13,3.3,5.14,0.1,916,12905
Henry Owens,Red Sox,1,1,0,0,4.98,2,2,9,9,5,1,8,5,1.59,8.05,5.36,5.15,0,999,13143
Jorge Lopez,Brewers,0,1,0,0,5.24,2,2,9,10,5,2,8,5,1.54,7.81,4.5,5.16,0,999,14527
Tyrell Jenkins,Padres,2,4,0,0,5.09,8,8,46,50,26,6,30,23,1.59,5.85,4.44,5.17,0,892.4,11378
Kyle Lohse,,6,9,0,0,5.52,21,21,122,143,75,21,75,36,1.47,5.55,2.69,5.18,0.3,999,739
Kyle Freeland,Rockies,7,8,0,0,5.26,21,21,119,142,69,20,73,39,1.53,5.57,2.99,5.18,0.7,915.9,16256
Jerome Williams,,4,7,0,0,5.39,16,16,92,107,55,15,54,29,1.48,5.23,2.8,5.19,0.1,999,1137
Thyago Vieira,,0,1,0,1,5.11,0,10,10,10,6,1,8,6,1.63,7.09,5.35,5.19,0,888.8,sa596366
Alec Asher,Orioles,1,2,0,0,5.19,5,5,28,31,16,5,18,7,1.38,5.75,2.19,5.19,0.1,762.5,13560
Miguel Diaz,Padres,2,3,0,5,5.27,2,37,44,48,26,7,34,22,1.56,6.8,4.44,5.22,-0.1,999,18815
Matt Purke,White Sox,1,1,0,1,5.21,0,15,15,16,9,2,12,8,1.63,7.37,5.07,5.23,0,999,12831
Tyler Wagner,Rangers,1,1,0,0,5.19,2,2,9,11,5,1,6,4,1.54,5.86,3.54,5.23,0,995.9,13796
Tyler Danish,White Sox,1,2,0,1,5.41,3,13,29,34,17,4,18,11,1.56,5.6,3.52,5.23,0,999,15126
Ronald Herrera,Yankees,1,1,0,0,5.37,3,3,19,21,11,3,13,7,1.48,6.43,3.22,5.23,0.1,999,15688
Ryan Vogelsong,,5,7,0,0,5.44,16,16,94,106,57,16,66,40,1.55,6.35,3.82,5.3,0.2,999,1011
Max Fried,Braves,0,1,0,0,5.09,2,2,9,10,5,1,7,6,1.67,6.75,5.59,5.3,0,999,13743
Yency Almonte,,1,1,0,0,5.41,2,2,9,11,6,2,7,4,1.57,6.39,3.69,5.32,0,999,sa658334
Jason Garcia,Orioles,1,1,0,1,5.29,0,15,15,17,9,2,9,7,1.61,5.61,4.43,5.33,0,999,12143
Ernesto Frieri,Mariners,2,2,0,8,5.19,0,40,40,40,23,8,37,18,1.45,8.22,4.09,5.34,-0.2,999,5178
Chris Lee,,2,2,0,3,5.33,0,30,30,34,18,4,17,14,1.6,5.09,4.1,5.35,-0.1,999,sa550044
Domingo German,Yankees,0,1,0,1,5.39,0,10,10,11,6,2,7,4,1.5,6.54,3.4,5.37,0,999,17149
Carson Fulmer,White Sox,1,2,0,1,5.53,3,13,29,30,18,5,26,17,1.63,8.25,5.37,5.4,0,688,18311
Bronson Arroyo,Reds,8,12,0,0,5.35,23,23,136,159,81,27,76,33,1.41,5.02,2.2,5.44,0.1,922,978
Ricardo Pinto,Phillies,0,1,0,0,5.57,2,2,9,11,6,2,6,4,1.51,5.93,3.47,5.5,0,999,16318
Ryan Borucki,,1,1,0,0,5.6,2,2,9,11,6,2,6,4,1.58,5.76,3.81,5.54,0,999,sa658266
Conner Greene,,1,1,0,0,5.78,2,2,9,11,6,1,6,5,1.65,5.82,4.6,5.63,0,999,sa737829
Dylan Covey,White Sox,3,5,0,0,5.77,11,11,65,75,42,11,40,32,1.64,5.46,4.4,5.67,-0.1,999,14825
Parker Bridwell,Angels,0,1,0,0,5.87,2,2,9,10,6,2,7,5,1.63,6.83,4.65,5.68,0,999,11502
Zach Jemiola,,0,1,0,0,5.93,2,2,9,11,6,2,5,3,1.62,5.03,3.3,5.77,0,999,sa658131
Alberto Tirado,,1,2,0,1,5.68,0,25,25,23,16,4,27,23,1.85,9.63,8.33,5.85,-0.1,999,sa659315
Yefry Ramirez,,0,1,0,0,6.02,2,2,9,11,6,2,7,4,1.55,6.83,3.7,5.86,0,999,sa597051
Jose Alvarado,Rays,0,1,0,1,5.46,0,10,10,10,6,1,9,9,1.88,8,8.36,5.89,-0.1,999,17780
Ariel Hernandez,Reds,0,1,0,1,5.57,0,10,10,9,6,1,10,9,1.87,8.7,8.33,5.96,-0.1,999,15603
Sandy Baez,,1,2,0,0,6.31,5,5,28,34,20,5,15,12,1.68,4.8,4.02,6.1,-0.2,999,sa657709
Tyler Matzek,Rockies,1,2,0,0,5.96,5,5,28,28,18,4,25,29,2.07,8.21,9.49,6.65,-0.2,999,10058
Caleb Smith,,1,1,0,1,6.76,0,20,20,22,15,3,11,20,2.13,4.83,9.08,7.11,-0.2,999,sa829201
